0.61877997838403165,1.309511117045276,0.79146276304934271,0.82024322716022779,0.61877997838403165,0.90658461949288349,0.8490236912711131,0.73390183482757232,1.5973157581541277,1.4534134375997019,0.76268229893845751,0.82024322716022779,0.30219487316429444,0.61877997838403165,0.53243858605137606,0.90658461949288349,2.8636561790330757,0.93536508360376858,0.8490236912711131,1.8851203992629799,2.0865836480391757,0.93536508360376858,0.76268229893845751,0.33097533727517964,0.76268229893845751,0.61877997838403165,0.82024322716022779,2.0865836480391757,0.82024322716022779,2.0865836480391757,1.7124376145976685,0.56121905016226115,0.67634090660580193,0.56121905016226115,0.90658461949288349,0.61877997838403165,0.35975580138606483,0.8778041553819983,0.56121905016226115,1.0217064759364241,0.61877997838403165,0.73390183482757232,0.90658461949288349,0.8778041553819983,0.90658461949288349,1.0217064759364241,2.8636561790330757,0.014390232055442593,0.38853626549695003,0.10073162438809816,1.0217064759364241,1.7124376145976685,0.90658461949288349,1.6836571504867837,0.82024322716022779,0.8490236912711131,0.38853626549695003,0.38853626549695003,0.79146276304934271,0.73390183482757232,0.82024322716022779,0.35975580138606483,1.0217064759364241,0.8490236912711131,1.1656087964908501,1.7124376145976685,0.64756044249491684,0.35975580138606483,1.1943892606017354,0.12951208849898335,1.1080478682690797,0.96414554771465377,0.64756044249491684,0.8490236912711131,0.61877997838403165,0.014390232055442593,0.90658461949288349,1.1656087964908501,0.8490236912711131,0.96414554771465377,0.35975580138606483,0.30219487316429444,0.12951208849898335,0.76268229893845751,1.3958525093779317,0.8490236912711131,0.8490236912711131,0.014390232055442593,0.76268229893845751,0.35975580138606483,1.0217064759364241,0.61877997838403165,0.61877997838403165,0.10073162438809816,0.76268229893845751,0.79146276304934271,0.56121905016226115,0.67634090660580193,0.21585348083163888,0.90658461949288349
1.1110852208985285,0.59100277707368554,4.1842996616816919,2.2458105528800041,2.7186127745389523,2.056689664216425,0.16548077758063193,0.023640111082947418,0.21276099974652674,0.023640111082947418,3.1441347740320063,0.92196433223494922,3.4750963291932697,4.3734205503452719,0.30732144407831646,1.1110852208985285,0.023640111082947418,1.0638049987326337,1.8202885533869508,1.3474863317280028,0.070920333248842254,2.2458105528800041,1.4893269982256869,0.023640111082947418,0.070920333248842254,0.21276099974652674,0.49644233274189575,0.023640111082947418,4.1842996616816919,0.59100277707368554,4.1842996616816919,3.3805358848614802,2.7186127745389523,1.3474863317280028,1.6784478868892667,4.3734205503452719,0.21276099974652674,0.87468411006905444,3.9478985508522184,3.2859754405296906,1.3474863317280028,1.8202885533869508,0.023640111082947418,2.671332552373058,1.4893269982256869,0.023640111082947418,1.3474863317280028,0.54372255490779053,0.40188188841010608,0.44916211057600092,2.7658929967048471,1.0638049987326337,1.1110852208985285,4.1842996616816919,0.63828299923958032,4.6098216611747462,3.3805358848614802,0.070920333248842254,3.2859754405296906,1.3474863317280028,0.21276099974652674,3.2859754405296906,0.023640111082947418,2.7186127745389523,0.21276099974652674,1.300206109562108,1.7257281090551615,1.300206109562108,0.21276099974652674,1.8202885533869508,1.5838874425574769,1.8202885533869508,2.056689664216425,4.5625414390088519,0.87468411006905444,1.6784478868892667,0.16548077758063193,1.7257281090551615,1.4893269982256869,0.73284344357136988,4.6098216611747462,3.4750963291932697,2.7658929967048471,0.87468411006905444,0.21276099974652674,1.7730083312210563,0.023640111082947418,0.070920333248842254,1.5838874425574769,1.8202885533869508,1.3474863317280028,2.7658929967048471,1.2056456652303182,0.023640111082947418,3.2859754405296906,1.3474863317280028,0.023640111082947418,0.023640111082947418,4.1842996616816919,1.4893269982256869
0.89058588816163931,2.5754781090079839,3.1050156641311206,2.3829189980541154,1.612682554238644,1.3719836655463093,1.6608223319771112,1.8052416651925123,2.2384996648387148,1.0350052213770404,0.024069888869233495,3.0568758863926537,0.024069888869233495,1.0350052213770404,0.072209666607700493,0.024069888869233495,2.4310587757925828,1.8052416651925123,0.36104833303850242,1.8052416651925123,3.1531554418695875,0.072209666607700493,1.8052416651925123,3.3938543305619224,1.7571018874540449,4.2603703298543296,0.072209666607700493,2.4310587757925828,1.8052416651925123,4.2122305521158614,0.50546766625390338,1.708962109715578,0.9868654436385732,3.4419941083003893,1.612682554238644,1.9015212206694461,1.8052416651925123,3.1531554418695875,0.50546766625390338,2.5273383312695166,0.024069888869233495,4.2603703298543296,0.21662899982310146,0.84244611042317241,3.0568758863926537,1.7571018874540449,2.9124565531772522,3.6345532192542573,1.7571018874540449,0.89058588816163931,0.45732788851543632,0.024069888869233495,1.2757041100693751,2.0459405538848467,0.26476877756156841,0.9868654436385732,2.8643167754387857,0.024069888869233495,2.4791985535310497,0.31290855530003542,0.31290855530003542,2.8643167754387857,1.0350052213770404,1.612682554238644,0.64988699946930439,0.64988699946930439,3.3938543305619224,3.7789725524696585,3.4419941083003893,3.2975747750849886,2.4310587757925828,1.9015212206694461,1.8533814429309792,3.2975747750849886,3.4901338860388562,2.9124565531772522,3.0568758863926537,2.9124565531772522,2.3347792203156486,0.36104833303850242,0.9868654436385732,3.3938543305619224,1.7571018874540449,0.072209666607700493,0.072209666607700493,0.024069888869233495,3.0087361086541868,2.5273383312695166,1.708962109715578,1.8052416651925123,3.0087361086541868,1.9015212206694461,0.84244611042317241,0.50546766625390338,0.6980267772077714,2.5273383312695166,0.60174722173083739,4.2603703298543296,1.3719836655463093,3.8752521079465923
0.37072128975965829,3.8307866608498027,1.5570294169905652,0.76615733216996051,1.7547474381957162,0.46958030036223397,1.5075999116892773,0.61786881626609724,1.112163869278975,0.024714752650643889,1.7053179328944286,2.1007539753047304,0.37072128975965829,1.1615933745802631,0.024714752650643889,0.37072128975965829,0.46958030036223397,2.1007539753047304,2.1007539753047304,2.8916260601253354,4.0779341873562425,0.074144257951931677,0.86501634277253614,0.37072128975965829,1.3593113957854142,0.667298321567385,1.4581704063879897,1.4087409010867016,2.2984719965098819,0.46958030036223397,0.667298321567385,1.7547474381957162,2.2984719965098819,0.42015079506094616,1.6558884275931405,0.074144257951931677,0.667298321567385,0.71672782686867265,1.7547474381957162,3.6824981449459395,2.7927670495227588,0.42015079506094616,2.1007539753047304,1.0627343639776874,1.9030359540995796,1.9030359540995796,0.667298321567385,0.17300326855450723,4.6216587456704081,1.4087409010867016,3.089344081330486,2.1007539753047304,0.46958030036223397,0.024714752650643889,0.56843931096480937,0.46958030036223397,1.4581704063879897,1.7547474381957162,0.17300326855450723,1.3593113957854142,2.2984719965098819,4.6216587456704081,3.484780123740788,2.6939080389201839,2.8916260601253354,3.089344081330486,0.074144257951931677,0.074144257951931677,0.22243277385579499,1.9030359540995796,2.6939080389201839,1.3593113957854142,0.17300326855450723,0.27186227915708278,0.17300326855450723,0.024714752650643889,1.4581704063879897,0.12357376325321943,0.42015079506094616,3.8307866608498027,1.4581704063879897,1.3593113957854142,0.61786881626609724,0.51900980566352162,0.024714752650643889,1.9030359540995796,1.4581704063879897,1.9030359540995796,0.074144257951931677,0.51900980566352162,0.17300326855450723,2.1501834806060183,1.7053179328944286,0.17300326855450723,1.3593113957854142,0.12357376325321943,0.61786881626609724,0.76615733216996051,1.4087409010867016,4.6216587456704081
0.64573701922901261,0.93273124999746249,0.02391618589737083,2.128540544866004,1.3153902243553957,1.6502168269185873,2.6546966346081624,1.3153902243553957,2.9895232371713543,3.8026735576819624,4.3766620192188617,0.21524567307633746,2.3677024038397123,2.2720376602502288,2.4155347756344541,1.9850434294817791,0.88489887820272073,2.6546966346081624,2.7503613781976459,0.02391618589737083,0.64573701922901261,0.93273124999746249,0.21524567307633746,2.3677024038397123,2.6068642628134207,1.2197254807659124,1.8893786858922959,1.7458815705080706,0.02391618589737083,0.93273124999746249,2.846026121787129,2.4155347756344541,1.3153902243553957,1.9850434294817791,2.6068642628134207,2.4633671474291954,2.4155347756344541,2.3677024038397123,0.59790464743427085,4.3766620192188617,0.50223990384478745,2.0807081730712622,0.02391618589737083,1.9850434294817791,0.21524567307633746,1.9850434294817791,3.2765174679398039,0.93273124999746249,3.6591764422977375,0.64573701922901261,4.3766620192188617,2.846026121787129,1.4588873397396207,0.93273124999746249,4.3766620192188617,2.9895232371713543,3.2765174679398039,0.21524567307633746,2.6068642628134207,0.93273124999746249,2.5111995192239376,2.0807081730712622,0.4065751602553041,2.4155347756344541,2.4155347756344541,1.9850434294817791,3.9940030448609289,2.3677024038397123,2.846026121787129,2.7503613781976459,3.2286850961450622,3.563511698708254,3.2286850961450622,2.4155347756344541,4.3766620192188617,2.8938584935818707,1.4588873397396207,1.8893786858922959,0.02391618589737083,4.1375001602451542,0.02391618589737083,3.0373556089660956,1.4588873397396207,0.59790464743427085,2.0807081730712622,3.7070088140924793,1.1240607371764291,1.1718931089711706,0.02391618589737083,1.9850434294817791,2.7503613781976459,1.1240607371764291,2.4155347756344541,2.5111995192239376,2.6068642628134207,0.69356939102375426,1.9850434294817791,0.55007227563952921,2.5590318910186789,0.55007227563952921
3.0735414529313636,3.3151773445146824,3.0735414529313636,3.0735414529313636,3.1218686312480277,3.0735414529313636,2.8802327396647089,1.4304173901647974,3.0735414529313636,3.4601588794646734,1.1404543202648154,1.7203804600647798,0.89881842868149664,1.2854358552148064,4.0400850192646383,2.6869240263980547,1.7203804600647798,1.6720532817481162,1.0921271419481517,1.9136891733314347,3.6051404144146644,3.0252142746147004,1.6720532817481162,2.5419424914480633,4.0400850192646383,3.0735414529313636,1.8170348166981074,3.0735414529313636,1.6720532817481162,4.0400850192646383,2.8802327396647089,2.6869240263980547,4.523356802431274,2.2519794215480808,2.3486337781814082,2.3969609564980718,2.2036522432314172,0.22223793224820479,3.9917578409479746,4.523356802431274,2.3969609564980718,0.41554664551485959,3.3151773445146824,3.0735414529313636,2.3969609564980718,1.8170348166981074,2.9285599179813726,2.0586707082814257,3.0252142746147004,1.1404543202648154,2.7835783830313816,1.0921271419481517,3.8951034843146468,0.3188922888815322,1.2854358552148064,2.7835783830313816,3.6051404144146644,1.7203804600647798,2.3969609564980718,4.0400850192646383,2.8802327396647089,3.3151773445146824,2.3486337781814082,3.1701958095646914,3.8951034843146468,2.7835783830313816,2.7835783830313816,3.0735414529313636,2.5419424914480633,2.2519794215480808,3.798449127681319,0.80216407204816931,2.3969609564980718,3.2668501661980187,2.7835783830313816,2.3969609564980718,3.7501219493646558,3.3151773445146824,3.0735414529313636,1.4304173901647974,1.4304173901647974,1.1404543202648154,2.3003065998647445,0.89881842868149664,3.6051404144146644,2.8319055613480457,2.7835783830313816,2.6869240263980547,1.3337630335314701,1.9136891733314347,1.6720532817481162,3.8951034843146468,1.9136891733314347,2.3486337781814082,2.7835783830313816,1.6237261034314525,1.7687076383814435,3.0252142746147004,2.6385968480813906,0.41554664551485959
0.79243073862486579,0.085926224670166168,0.29596810719723898,0.83062017181160619,0.98337790455856833,0.65876772247127391,1.7662612848867489,0.21958924082375797,0.31506282379060924,1.6516929853265272,0.50600998972431177,0.31506282379060924,0.84971488840497655,0.50600998972431177,1.0215673377453087,1.2888933700524923,0.9069990381850872,1.7662612848867489,0.83062017181160619,0.21958924082375797,0.42963112335083076,0.21958924082375797,0.42963112335083076,1.2697986534591221,0.04773679148342564,0.12411565785690669,0.42963112335083076,0.60148357269116304,0.52510470631768214,0.04773679148342564,0.79243073862486579,0.14321037445027693,1.3461775198326031,0.77333602203149543,0.29596810719723898,0.50600998972431177,0.6205782892845334,0.73514658884475492,1.3461775198326031,0.066831508076795915,0.52510470631768214,0.20049452423038769,0.29596810719723898,0.77333602203149543,0.75424130543812518,0.52510470631768214,0.50600998972431177,0.75424130543812518,0.77333602203149543,0.25777867401049848,0.18139980763701746,0.83062017181160619,1.2125145036790113,0.60148357269116304,1.2888933700524923,0.56329413950442264,0.18139980763701746,0.33415754038397949,0.42963112335083076,0.25777867401049848,0.50600998972431177,0.50600998972431177,0.9069990381850872,0.16230509104364718,0.69695715565801442,0.35325225697734974,0.9069990381850872,0.96428318796519796,0.21958924082375797,0.71605187225138467,0.12411565785690669,0.25777867401049848,1.2697986534591221,0.60148357269116304,0.31506282379060924,1.0215673377453087,0.066831508076795915,0.50600998972431177,1.0024726211519386,0.25777867401049848,0.31506282379060924,0.33415754038397949,0.4105364067574605,0.98337790455856833,0.77333602203149543,0.33415754038397949,0.81152545521823594,0.0095473582966851284,0.21958924082375797,0.50600998972431177,0.83062017181160619,0.84971488840497655,1.6516929853265272,1.7662612848867489,0.066831508076795915,0.14321037445027693,0.16230509104364718,1.2125145036790113,0.37234697357072,0.31506282379060924
0.49812914673072656,0.86045488206740695,0.31696627906238639,1.7662692204091079,0.75175716146640281,2.998176720553821,2.7445487058181448,0.31696627906238639,3.6865956176935137,0.71552458793273477,0.17203598492771419,2.7445487058181448,3.7228281912271819,0.64305944086539868,1.6213389262744358,0.75175716146640281,1.0053851762020789,2.780781279351813,1.9111995145437801,0.60682686733173063,3.5054327500251734,2.2735252498804601,1.838734367476444,0.24450113199505027,2.2735252498804601,1.0053851762020789,2.2735252498804601,1.1865480438704192,1.0416177497357471,2.780781279351813,1.5488737792070997,1.4401760586060957,1.7662692204091079,2.2735252498804601,0.53436172026439455,1.0416177497357471,1.6575714998081039,1.6213389262744358,2.5271532646161363,1.6938040733417719,2.5271532646161363,0.75175716146640281,1.1865480438704192,2.998176720553821,0.89668745560107499,0.53436172026439455,1.1503154703367513,3.6865956176935137,2.1285949557457879,2.998176720553821,1.6575714998081039,3.5054327500251734,0.24450113199505027,1.8025017939427761,0.8242223085337389,0.71552458793273477,0.8242223085337389,1.2590131909377553,1.6938040733417719,1.8025017939427761,3.0344092940874892,2.4909206910824682,0.57059429379806259,0.49812914673072656,3.2518047352894972,0.57059429379806259,1.1865480438704192,2.5633858381498045,2.5996184116834726,0.42566399966339047,2.7445487058181448,1.3677109115387596,0.89668745560107499,1.2227806174040874,2.4909206910824682,1.6575714998081039,2.780781279351813,3.5054327500251734,1.2227806174040874,1.4764086321397638,1.5126412056734317,1.4401760586060957,1.5488737792070997,1.9474320880774481,3.6865956176935137,1.0778503232694152,2.5271532646161363,1.0053851762020789,2.6720835587508085,1.0053851762020789,1.5126412056734317,1.5488737792070997,2.7083161322844767,1.8025017939427761,1.1503154703367513,1.874966941010112,0.75175716146640281,0.64305944086539868,1.2590131909377553,1.1503154703367513
3.4720541642120843,2.6100269234421876,2.2747941075872276,3.8072869800670439,3.8072869800670439,1.4606572690823252,1.0296436486973766,0.55073962604743421,1.7958900849372847,3.8551773823320388,0.69441083284241689,2.9931501415621415,1.9395612917322678,1.6043284758773078,2.8494789347671587,2.1311229007922452,1.6043284758773078,2.4663557166472048,1.8916708894672736,1.0296436486973766,4.3819718072469751,0.88597244190239399,0.7901916373724055,2.2269037053222336,1.7001092804072966,3.4720541642120843,0.83808203963739958,1.1254244532273652,1.9395612917322678,0.35917801698745694,0.55073962604743421,0.023945201132497134,1.7001092804072966,1.1254244532273652,0.88597244190239399,1.5085476713473194,4.3819718072469751,2.8494789347671587,3.5199445664770783,3.6636157732720611,1.7958900849372847,2.6100269234421876,4.3340814049819807,3.5199445664770783,4.3340814049819807,2.8494789347671587,0.59863002831242829,1.7958900849372847,3.6157253710070676,0.35917801698745694,1.6043284758773078,2.9931501415621415,1.6522188781423019,3.8072869800670439,4.1904101981869983,2.6100269234421876,1.6043284758773078,3.6636157732720611,0.88597244190239399,0.88597244190239399,3.4720541642120843,3.8551773823320388,4.4298622095119695,1.6043284758773078,0.83808203963739958,0.83808203963739958,3.7593965778020504,1.5085476713473194,1.4606572690823252,1.1254244532273652,0.023945201132497134,3.1847117506221188,3.6157253710070676,0.35917801698745694,2.0832324985272508,2.0832324985272508,1.1254244532273652,4.4298622095119695,2.1311229007922452,1.5085476713473194,3.8551773823320388,2.8015885325021648,1.4606572690823252,0.16761640792747992,3.6157253710070676,0.071835603397491399,2.0832324985272508,3.041040543827136,1.6043284758773078,1.4127668668173308,0.59863002831242829,0.88597244190239399,0.88597244190239399,2.1790133030572392,1.6043284758773078,2.0832324985272508,3.3762733596820964,0.88597244190239399,1.6043284758773078,2.1311229007922452
1.426261020131806,0.47542034004393541,1.426261020131806,2.6251470950252083,3.3692832794418024,1.0128520287892535,1.3022383227290404,1.0541929279235087,0.062011348701382869,1.2608974235947852,0.35139764264116957,1.5502837175345721,0.68212483571521154,1.0955338270577641,0.39273854177542478,0.31005674350691437,1.7983291123401031,1.6743064149373377,1.1782156253262746,1.5502837175345721,0.020670449567127623,0.84748843225223258,1.1782156253262746,1.7983291123401031,0.020670449567127623,0.64078393658095634,0.51676123917819061,0.64078393658095634,1.21955652446053,0.59944303744670113,2.1290563054141449,0.76480663398372195,1.426261020131806,1.5502837175345721,2.9558742880992499,2.6251470950252083,0.51676123917819061,1.3849201209975508,2.3357608010854212,0.020670449567127623,1.0541929279235087,1.0128520287892535,1.9636927088771241,0.55810213831244582,0.68212483571521154,0.35139764264116957,0.55810213831244582,1.0128520287892535,0.55810213831244582,0.55810213831244582,2.6251470950252083,0.26871584437265911,1.2608974235947852,1.21955652446053,0.68212483571521154,0.72346573484946686,0.64078393658095634,0.31005674350691437,0.020670449567127623,0.062011348701382869,2.7905106915622291,0.68212483571521154,0.020670449567127623,0.59944303744670113,0.22737494523840387,1.21955652446053,1.3849201209975508,1.426261020131806,2.5424652967566979,1.0128520287892535,0.43407944090968009,1.21955652446053,0.59944303744670113,1.8810109106086139,0.55810213831244582,0.26871584437265911,0.26871584437265911,1.4676019192660612,1.8396700114743587,0.39273854177542478,2.6251470950252083,2.2944199019511662,0.76480663398372195,0.020670449567127623,0.51676123917819061,0.68212483571521154,0.59944303744670113,0.020670449567127623,2.6251470950252083,0.47542034004393541,0.43407944090968009,0.020670449567127623,0.51676123917819061,1.3849201209975508,0.97151112965499842,0.020670449567127623,0.80614753311797738,0.020670449567127623,0.020670449567127623,0.51676123917819061
0.73082740700633742,1.571888675512777,0.25022096785980036,1.6519897487038666,3.4542638955033804,0.33032204105088986,3.9348703346499172,1.0111811631751508,0.33032204105088986,1.7721413584905006,1.8121918950860454,3.5744155052900144,2.052495114659314,0.090018821477621358,0.33032204105088986,0.25022096785980036,0.33032204105088986,1.3716359925350532,0.93108008998406111,0.41042311424197941,0.41042311424197941,2.1325961878504036,0.25022096785980036,1.2915349193439638,1.0111811631751508,4.0149714078410064,4.0149714078410064,0.21017043126425558,1.6519897487038666,0.17011989466871086,1.0111811631751508,0.49052418743306886,0.29027150445534516,0.6507263338152478,2.7734047733791196,2.6532531635924852,1.2915349193439638,1.251484382748419,1.0512316997706954,1.251484382748419,1.571888675512777,4.0149714078410064,0.57062526062415841,3.3741628223122908,2.2927983342325828,1.3716359925350532,0.8109284801974268,0.69077687041079261,0.45047365083752411,1.8522424316815902,0.21017043126425558,3.774668188267738,1.6119392121083218,0.93108008998406111,1.0512316997706954,2.1325961878504036,1.1313327729617848,0.93108008998406111,1.0111811631751508,0.6507263338152478,1.2915349193439638,0.049968284882076608,0.9711306265796058,1.0512316997706954,4.0149714078410064,0.9711306265796058,0.77087794360188222,0.49052418743306886,3.5744155052900144,0.57062526062415841,2.4129499440192173,1.6519897487038666,0.73082740700633742,0.41042311424197941,2.1325961878504036,0.8109284801974268,3.9348703346499172,1.2915349193439638,1.6519897487038666,0.29027150445534516,2.5731520904013956,1.0512316997706954,0.93108008998406111,1.2915349193439638,0.49052418743306886,0.37037257764643466,0.33032204105088986,0.45047365083752411,0.33032204105088986,1.3315854559395086,0.77087794360188222,0.45047365083752411,1.1313327729617848,2.3328488708281276,0.57062526062415841,1.7721413584905006,0.33032204105088986,3.4542638955033804,0.8109284801974268,1.892292968277135
0.021819245990994315,2.4655747969823572,2.4219363050003686,0.85095059364877823,1.8109974172525281,3.3819831286041189,0.021819245990994315,0.54548114977485795,0.67639662572082371,0.72003511770281237,1.0255045615767326,1.4182509894146302,0.021819245990994315,1.7673589252705393,0.85095059364877823,0.67639662572082371,0.80731210166678957,0.63275813373883516,2.0291898771624708,0.37092718184690332,0.021819245990994315,0.15273472193696022,0.80731210166678957,4.2983914602258793,0.021819245990994315,0.93822757761275555,1.3309740054506529,0.98186606959474398,0.85095059364877823,0.24001170590093746,0.32728868986491466,0.93822757761275555,0.24001170590093746,0.67639662572082371,0.021819245990994315,0.021819245990994315,3.9056450323879819,3.3819831286041189,1.3746124974326417,1.5491664653605959,1.3746124974326417,0.021819245990994315,0.19637321391894882,0.63275813373883516,1.680081941306562,3.7747295564420162,0.021819245990994315,1.8546359092345166,2.4655747969823572,1.0691430535587214,1.9419128931984937,0.89458908563076689,1.9419128931984937,0.021819245990994315,0.63275813373883516,0.63275813373883516,1.5491664653605959,0.32728868986491466,3.2510676526581523,1.3309740054506529,1.2000585295046871,1.5491664653605959,0.80731210166678957,0.021819245990994315,0.021819245990994315,1.2873355134686644,1.5491664653605959,0.021819245990994315,2.7274057488742889,4.3420299522078682,0.63275813373883516,0.85095059364877823,0.37092718184690332,0.065457737972982932,3.2510676526581523,2.4655747969823572,0.72003511770281237,3.6001755885140616,0.67639662572082371,4.1238374922979251,1.9419128931984937,0.021819245990994315,0.93822757761275555,1.5491664653605959,0.67639662572082371,1.8109974172525281,0.76367360968480114,0.021819245990994315,1.1564200375226985,0.80731210166678957,1.5928049573425846,0.021819245990994315,1.3746124974326417,1.8109974172525281,0.37092718184690332,4.1238374922979251,1.3309740054506529,3.6001755885140616,0.80731210166678957,0.72003511770281237
0.42442117032133553,1.6406620616457823,0.61445880959078036,2.0967523958924499,1.9067147566230052,0.1583684753441128,1.2985943109607816,3.0849481200935629,0.31039858675966864,1.3366018388146705,2.6668653137007841,3.2749857593630076,0.1583684753441128,3.6930685657557865,0.7284813931524472,3.6550610379018975,0.46242869817522442,1.032541615983559,0.65246633744466931,0.31039858675966864,2.5528427301391172,2.5148352022852283,2.2867900351618946,0.65246633744466931,0.46242869817522442,1.7546846452074492,0.65246633744466931,0.31039858675966864,0.12036094749022386,0.1583684753441128,2.1727674516002273,3.6550610379018975,2.3628050908696725,0.84250397671411414,3.2369782315091187,2.7428803694085619,3.6550610379018975,1.2605867831068926,3.3510008150707855,1.5646470059380044,1.3366018388146705,3.046940592239674,0.76648892100633625,0.31039858675966864,0.91851903242189203,1.6406620616457823,0.12036094749022386,1.2985943109607816,2.2867900351618946,1.5646470059380044,1.982729812330783,0.95652656027578098,0.46242869817522442,0.19637600319800178,1.3366018388146705,1.6406620616457823,2.6668653137007841,3.8070911493174533,0.1583684753441128,0.19637600319800178,1.4506244223763374,2.8569029529702288,0.23438353105189072,1.032541615983559,2.5528427301391172,0.12036094749022386,1.9067147566230052,1.982729812330783,3.8070911493174533,0.95652656027578098,1.4506244223763374,3.6550610379018975,0.42442117032133553,2.7808878972624509,0.27239105890577969,2.5148352022852283,2.8188954251163398,0.1583684753441128,1.6786695894996713,1.6406620616457823,0.31039858675966864,0.31039858675966864,3.008933064385785,0.50043622602911342,0.12036094749022386,0.31039858675966864,2.6288577858468951,3.5410384543402307,2.2867900351618946,0.46242869817522442,0.91851903242189203,0.19637600319800178,1.7546846452074492,0.12036094749022386,1.4506244223763374,0.31039858675966864,2.7808878972624509,1.8306997009152273,2.6668653137007841,1.3366018388146705
2.4929483400390096,0.0246826568320694,0.07404797049620819,0.17277859782448579,0.17277859782448579,0.96262361645070649,0.27150922515276338,0.27150922515276338,0.17277859782448579,0.0246826568320694,0.17277859782448579,0.0246826568320694,0.17277859782448579,0.3208745388169022,0.91325830278656783,0.0246826568320694,1.0119889301148455,0.22214391148862461,0.71579704813001255,0.3208745388169022,0.86389298912242884,0.86389298912242884,4.9118487095818102,0.07404797049620819,0.86389298912242884,0.3208745388169022,0.27150922515276338,3.0853321040086752,0.51833579347345737,0.46897047980931861,0.46897047980931861,0.17277859782448579,1.3081808120996781,0.86389298912242884,0.07404797049620819,0.22214391148862461,0.17277859782448579,4.1220036909555899,0.27150922515276338,0.17277859782448579,0.07404797049620819,0.0246826568320694,0.27150922515276338,1.0119889301148455,0.51833579347345737,0.91325830278656783,0.51833579347345737,1.1107195574431228,0.81452767545829019,0.0246826568320694,0.51833579347345737,0.41960516614517979,0.07404797049620819,0.66643173446587378,0.0246826568320694,0.91325830278656783,1.2588154984355393,0.76516236179415142,1.0119889301148455,0.51833579347345737,1.0119889301148455,0.46897047980931861,0.51833579347345737,0.37023985248104102,0.0246826568320694,1.2588154984355393,0.46897047980931861,3.3815239859935073,0.71579704813001255,0.91325830278656783,0.07404797049620819,0.17277859782448579,0.17277859782448579,0.37023985248104102,0.56770110713759614,1.0119889301148455,0.17277859782448579,0.66643173446587378,0.66643173446587378,0.37023985248104102,0.66643173446587378,1.0119889301148455,0.17277859782448579,1.3081808120996781,0.91325830278656783,1.0119889301148455,0.17277859782448579,0.3208745388169022,0.96262361645070649,0.51833579347345737,0.17277859782448579,0.0246826568320694,0.81452767545829019,0.0246826568320694,0.86389298912242884,0.3208745388169022,1.0119889301148455,0.17277859782448579,0.86389298912242884,4.9118487095818102
3.4541710214446999,1.0044043395690263,0.61244167046891851,0.75942767138145895,1.7883296777692419,2.2292876805068635,0.66143700410643191,1.5923483432191881,1.0533996732065398,2.3272783477818901,1.0533996732065398,1.5923483432191881,0.024497666818756741,0.36746500228135115,1.5923483432191881,2.4742643486944309,1.7883296777692419,0.024497666818756741,3.1601990196196192,0.024497666818756741,0.56344633683140499,1.3473716750316205,0.12248833409378371,1.984311012319296,0.56344633683140499,0.024497666818756741,2.4742643486944309,0.024497666818756741,0.024497666818756741,1.2003856741190804,3.2581896868946467,0.85741833865648587,0.073493000456270219,1.4943576759441612,0.024497666818756741,1.7883296777692419,1.1023950068440533,1.984311012319296,2.0333063459568095,1.984311012319296,1.2003856741190804,1.3963670086691342,0.9554090059315129,1.0533996732065398,0.75942767138145895,0.61244167046891851,2.4742643486944309,1.2983763413941072,0.024497666818756741,0.024497666818756741,1.2983763413941072,0.36746500228135115,0.36746500228135115,3.405175687807187,0.024497666818756741,0.024497666818756741,2.0333063459568095,1.7883296777692419,0.9554090059315129,1.7883296777692419,0.024497666818756741,0.56344633683140499,0.024497666818756741,1.984311012319296,1.5433530095816745,0.12248833409378371,1.7883296777692419,0.80842300501897235,0.51445100319389159,0.073493000456270219,1.5433530095816745,0.024497666818756741,1.0533996732065398,0.80842300501897235,2.7192410168819983,1.984311012319296,0.71043233774394554,0.024497666818756741,0.024497666818756741,0.56344633683140499,0.024497666818756741,0.024497666818756741,1.5923483432191881,1.1023950068440533,1.4943576759441612,0.56344633683140499,0.024497666818756741,1.2983763413941072,1.7883296777692419,0.024497666818756741,2.5232596823319442,3.1601990196196192,0.024497666818756741,0.66143700410643191,1.2983763413941072,2.5232596823319442,2.3762736814194039,0.1714836677312972,0.024497666818756741,0.56344633683140499
1.7902131323337944,0.8888470796902056,0.38808816155487846,1.1893024305714017,0.98899886331727105,1.1893024305714017,1.3144921601052337,0.38808816155487846,0.98899886331727105,0.36305021564811213,1.5648716191728973,0.78869529606314026,0.28793637792781307,0.48823994518194397,1.0140368092240375,1.1141885928511026,0.56335378290224292,1.1141885928511026,1.3896059978255326,2.2909720504691213,0.53831583699547669,0.43816405336841124,1.4146439437322988,1.7902131323337944,1.8903649159608595,0.53831583699547669,1.5398336732661306,0.68854351243607481,2.1157064291217571,1.9654787536811587,0.68854351243607481,2.2909720504691213,0.98899886331727105,1.4146439437322988,1.4647198355458317,0.36305021564811213,2.0656305373082242,0.6134296747157757,0.56335378290224292,1.5398336732661306,2.0906684832149902,0.8888470796902056,1.8152510782405606,1.5398336732661306,2.0906684832149902,0.68854351243607481,2.0656305373082242,1.2644162682917008,2.2909720504691213,0.38808816155487846,1.0641127010375699,0.98899886331727105,0.68854351243607481,1.9154028618676262,1.9404408077743924,0.83877118787667293,1.0140368092240375,1.6900613487067289,1.2143403764781679,1.7902131323337944,1.2143403764781679,0.13770870248721498,2.4912756177232525,1.8402890241473271,0.8888470796902056,1.1642644846646355,1.5899095650796635,1.5648716191728973,0.13770870248721498,1.0140368092240375,2.0906684832149902,1.8653269700540933,0.46320199927517758,0.48823994518194397,0.38808816155487846,0.18778459430074765,1.4146439437322988,0.48823994518194397,0.48823994518194397,1.2143403764781679,2.0906684832149902,0.91388502559697204,1.2644162682917008,0.68854351243607481,1.0891506469443364,2.0906684832149902,0.68854351243607481,0.53831583699547669,1.1141885928511026,0.68854351243607481,1.2143403764781679,0.38808816155487846,1.9154028618676262,0.41312610746164491,0.93892297150373827,0.98899886331727105,0.18778459430074765,0.38808816155487846,1.9654787536811587,1.4396818896390653
0.87825230657827902,4.153896044626995,0.21362893943795971,0.023736548826439968,0.11868274413219984,0.023736548826439968,2.5872838220819565,1.9226604549416375,2.5872838220819565,0.40352133004947949,0.59341372066099918,0.023736548826439968,1.9701335525945174,1.9226604549416375,2.9195955056521163,0.023736548826439968,3.2993802868751554,0.023736548826439968,2.8721224079992358,0.023736548826439968,1.2105639901484384,4.4387346305442748,2.3973914314704365,3.2044340915693956,1.9701335525945174,0.49846752535523936,0.023736548826439968,1.542875673718598,0.21362893943795971,3.9640036540154746,0.64088681831387917,3.7741112634039546,3.2044340915693956,2.9195955056521163,0.11868274413219984,1.0206715995369187,3.2044340915693956,3.2993802868751554,3.1094878962636359,2.8721224079992358,2.2549721385117967,4.153896044626995,2.4923376267761967,0.023736548826439968,0.3560482323965995,3.1094878962636359,4.6761001188086739,3.5842188727924356,2.5872838220819565,3.1094878962636359,1.9701335525945174,2.4923376267761967,1.1156177948426784,0.59341372066099918,4.1064229469741145,3.2044340915693956,3.0145417009578757,0.11868274413219984,1.447929478412838,4.153896044626995,1.3055101854541984,0.3560482323965995,0.023736548826439968,0.59341372066099918,0.023736548826439968,0.21362893943795971,4.1064229469741145,0.023736548826439968,0.21362893943795971,3.2044340915693956,4.2013691422798747,1.3055101854541984,3.1569609939165155,3.1094878962636359,4.7235732164615536,1.0206715995369187,3.2044340915693956,2.5872838220819565,2.4923376267761967,2.8721224079992358,2.4923376267761967,4.1064229469741145,2.9195955056521163,0.21362893943795971,4.2488422399327552,3.1569609939165155,3.2044340915693956,2.5872838220819565,0.023736548826439968,0.73583301361963893,0.30857513474371961,2.1125528455531568,0.023736548826439968,4.7235732164615536,0.40352133004947949,0.023736548826439968,3.0145417009578757,0.40352133004947949,3.2993802868751554,4.6761001188086739
1.5268525076750861,0.5865541836889504,1.9298375036691442,1.6611808396731056,1.5716286183410928,1.4373002863430733,0.5865541836889504,1.9298375036691442,0.31789751969291169,2.8253597169892739,1.4820763970090796,2.8253597169892739,1.0343152903490151,1.7955091716711251,1.6611808396731056,1.1686436223470344,1.0343152903490151,0.54177807302294401,2.1984941676651832,0.67610640502096342,0.81043473701898283,0.22834529836089879,1.4820763970090796,3.0044641596532999,1.1686436223470344,0.094016966362879387,2.153718056999177,0.76565862635297632,1.3477480650110605,2.6014791636592416,1.8850613930031379,1.9746136143351509,0.22834529836089879,1.5268525076750861,1.5268525076750861,1.8850613930031379,2.0641658356671639,1.3477480650110605,2.153718056999177,0.76565862635297632,1.213419733013041,0.5865541836889504,1.6611808396731056,2.0641658356671639,2.6014791636592416,1.5268525076750861,0.76565862635297632,2.0641658356671639,1.7507330610051186,1.7955091716711251,0.049240855696872934,2.2880463889971967,2.422374720995216,2.0641658356671639,0.54177807302294401,0.13879307702888588,0.89998695835099585,2.24327027833119,1.1238675116810277,1.1686436223470344,1.3477480650110605,1.6611808396731056,0.094016966362879387,0.40744974102492465,0.5865541836889504,0.31789751969291169,1.4373002863430733,1.1238675116810277,0.094016966362879387,0.89998695835099585,2.332822499663203,3.2731208236493385,1.4373002863430733,0.40744974102492465,1.3029719543450538,1.213419733013041,0.63133029435495702,2.332822499663203,2.2880463889971967,1.7955091716711251,1.1686436223470344,3.2731208236493385,3.0044641596532999,0.76565862635297632,3.2731208236493385,2.332822499663203,2.2880463889971967,1.4373002863430733,2.8253597169892739,0.76565862635297632,2.6014791636592416,0.81043473701898283,1.1686436223470344,1.213419733013041,1.4373002863430733,1.6611808396731056,2.332822499663203,1.213419733013041,2.332822499663203,2.6014791636592416
1.3049935347802881,1.1572584176353495,1.3542385738286009,0.91103322239378615,1.748198886215103,1.1572584176353495,0.91103322239378615,2.289894315746543,0.073867558572469141,0.51707291000728395,0.96027826144209871,1.3049935347802881,0.12311259762078189,2.339139354794856,1.6497088081184774,1.3542385738286009,2.289894315746543,1.7974439252634158,2.339139354794856,1.108013378587037,0.61556298810390953,1.8466889643117284,2.1421591986016049,0.91103322239378615,0.61556298810390953,2.0929141595532923,2.1421591986016049,0.71405306620053499,2.1914042376499179,0.86178818334547325,1.1572584176353495,0.91103322239378615,1.4527286519252263,0.024622519524156377,0.81254314429716057,0.36933779286234564,1.108013378587037,1.4034836128769135,0.91103322239378615,1.0095233004904116,1.3049935347802881,1.5019736909735391,2.339139354794856,1.7974439252634158,0.81254314429716057,0.76329810524884778,2.1914042376499179,1.4034836128769135,2.289894315746543,2.289894315746543,1.1572584176353495,1.108013378587037,2.289894315746543,1.69895384716679,2.1421591986016049,1.4034836128769135,1.1572584176353495,1.3542385738286009,0.76329810524884778,1.4527286519252263,1.4034836128769135,2.7823447062296709,0.51707291000728395,0.71405306620053499,1.9944240814566667,2.0929141595532923,1.108013378587037,2.1914042376499179,2.289894315746543,0.96027826144209871,2.339139354794856,2.5361195109881067,0.91103322239378615,1.9944240814566667,1.8466889643117284,2.6838546281330453,4.8998813853071201,4.8998813853071201,0.81254314429716057,0.12311259762078189,0.51707291000728395,1.4034836128769135,1.69895384716679,0.61556298810390953,1.5512187300218518,1.3542385738286009,1.69895384716679,4.8998813853071201,1.3542385738286009,2.0929141595532923,1.0095233004904116,1.3542385738286009,1.7974439252634158,0.81254314429716057,2.1914042376499179,0.76329810524884778,0.12311259762078189,0.91103322239378615,0.71405306620053499,3.0285699014712351
1.0684082657177592,0.28116006992572617,0.018744004661715077,1.7057044242160719,2.1930485454206639,0.61855215383659756,0.43111210721944676,0.46860011654287698,0.24367206060229601,0.58106414451316735,1.7806804428629319,2.7928566945955464,2.2305365547440941,0.13120803263200553,0.31864807924915628,0.13120803263200553,0.056232013985145227,1.7057044242160719,0.39362409789601666,1.1058962750411894,1.25584831233491,3.7300569276813005,0.46860011654287698,0.99343224707089894,0.20618405127886583,0.43111210721944676,0.056232013985145227,0.69352817248345777,3.055272759859557,2.7178806759486855,0.46860011654287698,1.6682164148926417,3.055272759859557,2.1930485454206639,1.1433842843646194,0.39362409789601666,0.13120803263200553,1.1058962750411894,0.018744004661715077,2.7178806759486855,0.056232013985145227,1.1433842843646194,3.055272759859557,0.50608812586630703,0.16869604195543567,0.018744004661715077,1.1433842843646194,0.58106414451316735,1.5557523869223511,0.056232013985145227,0.018744004661715077,1.1058962750411894,3.1302487785064179,0.018744004661715077,2.0805845174503732,1.25584831233491,0.61855215383659756,2.3055125733909545,1.4807763682754909,0.58106414451316735,1.1808722936880498,1.8556564615097924,1.4058003496286309,1.1433842843646194,0.46860011654287698,1.4058003496286309,1.6682164148926417,0.16869604195543567,0.018744004661715077,1.8181684521863624,0.018744004661715077,0.65604016316002767,1.8931444708332226,1.7057044242160719,0.24367206060229601,1.1433842843646194,0.65604016316002767,0.73101618180688799,1.1058962750411894,1.3683123403052004,0.73101618180688799,1.8556564615097924,1.6682164148926417,1.1433842843646194,0.13120803263200553,0.13120803263200553,0.58106414451316735,1.7057044242160719,1.3308243309817702,1.1433842843646194,0.20618405127886583,0.46860011654287698,1.6682164148926417,1.25584831233491,0.20618405127886583,2.6429046573018256,2.6429046573018256,0.69352817248345777,1.2183603030114798,0.28116006992572617
3.0027016868302678,3.3553217362994361,2.9145466744629762,4.4131818847069413,2.6941591435447454,2.5178491188101613,3.4434767486667286,2.4296941064428696,3.7079417857686048,3.6638642795849585,1.4159114642190107,3.6638642795849585,4.0164843290541263,2.4296941064428696,4.5894919094415254,2.4737716126265155,2.6060041311774538,3.2671667239321445,3.3553217362994361,1.812609019871825,2.7382366497283921,3.6638642795849585,2.4296941064428696,3.0908566991975603,3.3993992424830823,1.5922214889535951,1.4599889704026565,2.4737716126265155,2.4296941064428696,3.1349342053812062,2.4737716126265155,2.4296941064428696,3.4434767486667286,3.6197867734013132,3.3553217362994361,3.3993992424830823,3.6638642795849585,3.7079417857686048,1.1073689209334885,2.2093065755246397,2.4737716126265155,1.1073689209334885,2.6941591435447454,2.4296941064428696,3.7079417857686048,3.0027016868302678,2.6941591435447454,2.2093065755246397,3.6638642795849585,4.4131818847069413,4.5894919094415254,3.5316317610340202,4.4131818847069413,3.6197867734013132,3.2671667239321445,2.7382366497283921,4.5894919094415254,3.5757092672176665,2.7382366497283921,1.9007640322391171,1.4159114642190107,1.856686526055471,0.22581879726056789,3.4434767486667286,3.5757092672176665,3.5757092672176665,1.5922214889535951,2.87046916827933,1.4159114642190107,3.9724068228704805,3.5757092672176665,3.4434767486667286,3.5757092672176665,3.8842518105031889,3.5316317610340202,2.6060041311774538,3.3993992424830823,2.6941591435447454,1.5922214889535951,3.5757092672176665,3.5757092672176665,3.2230892177484982,3.5757092672176665,1.5922214889535951,2.561926624993808,3.0908566991975603,4.4131818847069413,1.9007640322391171,3.0027016868302678,3.6197867734013132,2.4296941064428696,3.3993992424830823,4.1487168476050647,2.561926624993808,3.6638642795849585,1.9007640322391171,3.0027016868302678,2.6500816373610996,3.3553217362994361,3.0908566991975603
1.3866682001332689,2.1198490875600551,1.4823004897976322,0.62160988281836194,2.1836039473362971,0.84475189203520984,1.7373199289026013,0.46222273337775638,1.0997713311401789,0.20720329427278733,1.0678939012520576,0.20720329427278733,0.87662932192333098,0.87662932192333098,2.0242167978956913,2.0560942277838126,1.7691973587907224,2.7892751152105983,1.6098102093501168,2.3429910967769025,1.5460553495738745,1.4504230599095114,0.84475189203520984,0.71724217248272537,1.4185456300213899,1.6098102093501168,2.0879716576719343,1.5779327794619959,2.1517265174481759,1.5460553495738745,0.20720329427278733,2.0560942277838126,2.6617653956581142,0.20720329427278733,0.81287446214708869,1.7691973587907224,1.0678939012520576,0.68536474259460423,2.0879716576719343,0.84475189203520984,2.0242167978956913,1.5141779196857532,0.20720329427278733,1.5460553495738745,1.0041390414758156,0.20720329427278733,0.68536474259460423,1.5779327794619959,1.0041390414758156,1.6098102093501168,2.7892751152105983,2.3429910967769025,1.5141779196857532,0.81287446214708869,1.1316487610282999,1.5779327794619959,0.68536474259460423,0.84475189203520984,2.0560942277838126,1.5141779196857532,2.4705008163293871,1.2591584805807843,1.4823004897976322,1.6098102093501168,2.1517265174481759,2.5342556761056296,1.8010747886788436,0.20720329427278733,0.71724217248272537,1.2591584805807843,0.84475189203520984,1.5460553495738745,0.97226161158769442,1.4185456300213899,1.2591584805807843,1.4504230599095114,1.4504230599095114,0.20720329427278733,1.4823004897976322,1.1316487610282999,1.8010747886788436,2.7892751152105983,0.81287446214708869,0.78099703225896766,1.8010747886788436,1.4504230599095114,1.8010747886788436,1.5460553495738745,1.5779327794619959,1.4823004897976322,0.39846787360151409,2.5342556761056296,0.87662932192333098,2.0242167978956913,0.81287446214708869,0.46222273337775638,0.23908072416090848,0.49410016326587752,1.5460553495738745,1.4504230599095114
2.8744076790690909,1.9559578881239372,0.90144146148320581,2.5002244309062505,2.3301411362867781,2.2961244773628828,0.017008329461947282,2.3301411362867781,0.45922489547257656,0.66332484901594402,1.207591391798257,1.3776746864177296,2.5002244309062505,0.90144146148320581,1.0715247561026788,2.2961244773628828,1.207591391798257,2.1260411827434105,0.90144146148320581,1.3776746864177296,1.819891252428359,0.90144146148320581,2.1260411827434105,0.73135816686373312,0.22110828300531465,0.22110828300531465,0.45922489547257656,1.4116913453416244,1.3096413685699406,2.3981744541345669,1.1395580739504678,0.45922489547257656,2.4662077719823561,1.4116913453416244,1.6157912988849916,0.73135816686373312,2.1260411827434105,1.3096413685699406,0.83340814363541682,0.83340814363541682,1.4457080042655188,1.6838246167327808,2.3301411362867781,2.1260411827434105,0.39119157762478746,2.3981744541345669,1.3096413685699406,2.4662077719823561,1.3096413685699406,1.3096413685699406,1.207591391798257,0.45922489547257656,0.45922489547257656,2.4662077719823561,0.59529153116815481,0.085041647309736401,1.4116913453416244,0.45922489547257656,0.45922489547257656,1.75185793458057,2.5002244309062505,2.6022744076779345,0.28914160085310381,2.3301411362867781,2.4662077719823561,0.69734150793983851,2.2961244773628828,3.3846575629275093,1.4457080042655188,1.7858745935044644,1.4116913453416244,1.3776746864177296,1.7858745935044644,0.11905830623363098,1.3096413685699406,3.3846575629275093,0.96947477933099502,0.90144146148320581,1.4457080042655188,0.11905830623363098,1.4457080042655188,1.2416080507221514,2.6022744076779345,2.3981744541345669,2.3981744541345669,1.819891252428359,0.69734150793983851,3.3846575629275093,1.9559578881239372,0.49324155439647122,0.39119157762478746,0.69734150793983851,0.83340814363541682,1.0715247561026788,2.4662077719823561,2.2961244773628828,0.49324155439647122,2.6022744076779345,0.5272582133203656,3.3846575629275093
1.8726569615848152,3.9112455526771459,2.9156557756320542,2.2045202205998455,2.3941563686084346,1.3037485175590484,3.8638365156749988,2.5837925166170232,0.30815874051395697,2.1571111835976988,3.8164274786728511,3.0578828866384957,4.3379268856964703,0.02370451850107361,1.6830208135762263,2.7260196276234656,0.64002199952898753,2.9156557756320542,1.2089304435547541,2.8682467386299071,1.3511575545611956,3.6267913306642625,1.3511575545611956,3.0578828866384957,0.68743103653113469,0.45038585152039867,3.484564219657821,2.1571111835976988,0.73484007353328196,0.35556777751610413,3.8638365156749988,1.588202739571932,3.6742003676664097,4.3379268856964703,4.2905178486943232,1.5407937025697844,4.1482907376878817,2.4415654056105818,1.3037485175590484,1.588202739571932,2.2045202205998455,1.9674750355891095,1.398566591563343,2.2045202205998455,2.9156557756320542,1.9674750355891095,3.0578828866384957,3.9586545896792931,2.6312015536191709,1.588202739571932,2.3467473316062879,3.5793822936621154,2.2045202205998455,2.2519292576019931,2.2993382946041407,2.2045202205998455,3.7690184416707044,3.484564219657821,4.0534726636835874,2.2993382946041407,3.6267913306642625,2.3941563686084346,4.1482907376878817,1.8726569615848152,1.0667033325483124,4.7171991817136476,0.071113555503220835,2.9630648126342014,3.6267913306642625,3.0578828866384957,1.588202739571932,4.1482907376878817,1.2563394805569013,0.02370451850107361,1.9674750355891095,2.2993382946041407,2.7260196276234656,1.9200659985869624,2.3941563686084346,2.3941563686084346,2.8682467386299071,0.11852259250536805,1.8726569615848152,0.071113555503220835,2.3941563686084346,1.4933846655676373,1.6830208135762263,4.0534726636835874,3.9112455526771459,2.5363834796148765,2.7260196276234656,2.2519292576019931,0.02370451850107361,4.3379268856964703,2.5363834796148765,2.3467473316062879,3.9586545896792931,0.071113555503220835,0.82965814753757627,1.5407937025697844
