0.61877997838403165,1.309511117045276,0.79146276304934271,0.82024322716022779,0.61877997838403165,0.90658461949288349,0.8490236912711131,0.73390183482757232,0.61836298463070749,1.3282936722845062,0.83806408191986692,0.82564958521832188,0.62761640172714217,0.89376933566978023,0.83185688931686996,0.74200223184870506,0.62528446207630628,1.3523119304851261,0.78761937954155503,0.78464848718220392,0.61923128777876157,0.90148454017961188,0.85586181601239175,0.72630988445022382,0.61318388284898517,1.2991439507170581,0.83549227045374841,0.8323434543076409,0.61249171372923727,0.91118373446711864,0.83417115687608767,0.74249432708480978
1.1110852208985285,0.59100277707368554,4.1842996616816919,2.2458105528800041,2.7186127745389523,2.056689664216425,0.16548077758063193,0.023640111082947418,1.1042678780079724,0.58545224462206236,4.1820140157268044,2.2352510162799528,2.6921383154877918,2.0423429887619489,0.15924031833397986,0.0096358532959177311,1.0951585942555457,0.57326989354707891,4.160553521237861,2.2040856286173627,2.705038000424357,2.0642864151086924,0.16575072539177246,0.014664885816054046,1.0968309281717832,0.58252834339653015,4.1675673675312899,2.2776762503912589,2.7323912043342715,2.0733474741880427,0.17182601546225126,0.019394497978951368
0.89058588816163931,2.5754781090079839,3.1050156641311206,2.3829189980541154,1.612682554238644,1.3719836655463093,1.6608223319771112,1.8052416651925123,0.92316815851784173,2.5377795205910232,3.121458828519903,2.4072579478396885,1.5740571431035604,1.3542276186809865,1.6713188578446054,1.8155134237833477,0.8875008739770287,2.5927318620226769,3.1104264143596168,2.4264346647473864,1.6052817761292306,1.3949245899884526,1.6548534836138573,1.8234592141261503,0.86917018620869113,2.5875227918914567,3.0737642864259609,2.2822988663602097,1.5957964520809098,1.3705480139781749,1.6880917775180988,1.7931142629034369
0.37072128975965829,3.8307866608498027,1.5570294169905652,0.76615733216996051,1.7547474381957162,0.46958030036223397,1.5075999116892773,0.61786881626609724,0.36113121807570447,3.8408727840227144,1.5536742942976076,0.77275384135700653,1.718247339687597,0.48052424676385214,1.4941302031844281,0.60377838515455384,0.37593259181394773,3.7720301289274105,1.538472688269567,0.78105213649055016,1.7347735713615049,0.47378251992541132,1.5198093748222479,0.64364262706667186,0.36316411005869842,3.8139937224858151,1.6047093570075786,0.76746462849750663,1.7898228045929077,0.46694055197842421,1.4934872091836522,0.61465880211866808
0.64573701922901261,0.93273124999746249,0.02391618589737083,2.128540544866004,1.3153902243553957,1.6502168269185873,2.6546966346081624,1.3153902243553957,0.62542289337443935,0.92995247476753329,0.03173989045988837,2.1101278319749355,1.2561948149507256,1.7031389048204455,2.690909616598185,1.3237966416206377,0.61588762435423783,0.97946656658249986,0.013258126141304206,2.1068131613394785,1.301551176346492,1.6891814792340161,2.6207927636290216,1.3148075636279333,0.66197073344570279,0.8508763114814295,0.017136153451985509,2.1296288999380208,1.3254067084006891,1.6225754415772333,2.5918982006584939,1.3335342164423518
3.0735414529313636,3.3151773445146824,3.0735414529313636,3.0735414529313636,3.1218686312480277,3.0735414529313636,2.8802327396647089,1.4304173901647974,2.9861068512582536,3.3203504468866454,3.005349107256948,3.1001755461382277,3.1295634384531561,3.0671022669824968,2.914942858137985,1.4343510867260978,3.0664595916620296,3.3494858990492036,2.9898694304152471,3.0603261810720745,3.0862855492112198,3.1193823154930156,2.847626799308447,1.4099387944142383,3.037414197190822,3.3870475401195193,3.0564023897239281,3.0391973647116699,3.1257338750369468,3.0416432604163148,2.7842770539888417,1.4589984852994713
0.79243073862486579,0.085926224670166168,0.29596810719723898,0.83062017181160619,0.98337790455856833,0.65876772247127391,1.7662612848867489,0.21958924082375797,0.77849893033989537,0.08398320380272449,0.30448819399320887,0.84457221372612457,0.94914315021417328,0.67039494337991412,1.7890693944498544,0.22252649238749286,0.80699651168482633,0.088151679064464195,0.2871794431927342,0.85150011083482802,0.94663304058818853,0.67623468966313205,1.7787721750534164,0.22375025998488635,0.78311793780965311,0.089631204442464599,0.29563891191291253,0.84640874653383469,0.97422579527463438,0.69251483790663992,1.757503108369844,0.19571284644297321
0.49812914673072656,0.86045488206740695,0.31696627906238639,1.7662692204091079,0.75175716146640281,2.998176720553821,2.7445487058181448,0.31696627906238639,0.49806959825499891,0.8546962423727883,0.32375697911995616,1.7748104367893771,0.72452335111008037,2.9863593133666146,2.7615544206155995,0.29783683021079088,0.48936954223891238,0.82638854922091398,0.3087095239051294,1.7312157620861082,0.76742950689743783,2.9915145455843306,2.7705061688147263,0.30799793001520231,0.49922702867661378,0.87178087341890509,0.32415542430662087,1.7475014178959831,0.75354537759598572,3.0035125119859463,2.7050296449249696,0.31569482071391497
3.4720541642120843,2.6100269234421876,2.2747941075872276,3.8072869800670439,3.8072869800670439,1.4606572690823252,1.0296436486973766,0.55073962604743421,3.4783412192685064,2.5946631051926081,2.1959124580109872,3.8266896961557904,3.7313932751966812,1.5128571709292775,1.0381363983473408,0.57083680231694756,3.4680663521314106,2.6405293282858864,2.2628965033848618,3.8483266287618632,3.8214602167718192,1.4411089256884222,1.0220758298495687,0.55299583202591951,3.4366920654207482,2.61180460923552,2.2378585335764845,3.8032952197393377,3.7970155802344787,1.4346490180406348,1.0450844501640737,0.54589928434975699
1.426261020131806,0.47542034004393541,1.426261020131806,2.6251470950252083,3.3692832794418024,1.0128520287892535,1.3022383227290404,1.0541929279235087,1.3539706249064205,0.46462676489847982,1.4433454251621964,2.648260882491138,3.4083929189436417,1.040206351831064,1.2736944876810492,1.0829173080651069,1.4137304051010682,0.47801653735604477,1.4450646777433152,2.6294094269013164,3.4001247244939483,1.0174135657475227,1.3096396635488612,1.0576568442361809,1.4636579112822239,0.47277460650109809,1.4426543571446506,2.6046417970269573,3.4125767272212988,1.0256356101919581,1.3061520063022214,1.0280933217995603
0.73082740700633742,1.571888675512777,0.25022096785980036,1.6519897487038666,3.4542638955033804,0.33032204105088986,3.9348703346499172,1.0111811631751508,0.74985210251152878,1.5483675721340937,0.28302556386097288,1.6231627299173059,3.4579770817327247,0.33432505466178236,3.9449052591415739,1.0438305724382788,0.74625206208154182,1.5900015423924299,0.25158488713511057,1.6534563498791064,3.4153847545995526,0.3138716976453943,3.9545636304640657,1.0159539188130131,0.72603346404487912,1.5186597510797353,0.25023004245853053,1.6377329502911844,3.44880937044173,0.32472820570336508,3.9575080760216559,1.0435261979563668
0.021819245990994315,2.4655747969823572,2.4219363050003686,0.85095059364877823,1.8109974172525281,3.3819831286041189,0.021819245990994315,0.54548114977485795,0.032893180393430185,2.4663773686923931,2.3443926516870071,0.86191755663240299,1.7860297272410903,3.3197615271092955,0.026049099508286398,0.5386951853117431,0.015322445996624124,2.5096947456968941,2.4396784163827201,0.8391748263589105,1.8062270775684999,3.3800200691962932,0.023618411937886878,0.53295467084685777,0.015934887203784151,2.4763789193176819,2.427497127949505,0.85266506390488839,1.8023026907649802,3.4111998835064474,0.018021955341039172,0.55420151638403259
0.42442117032133553,1.6406620616457823,0.61445880959078036,2.0967523958924499,1.9067147566230052,0.1583684753441128,1.2985943109607816,3.0849481200935629,0.42470900549815244,1.6137449596989104,0.61139915825425972,2.116293999927624,1.8851082178590441,0.17510892356210533,1.307165905468344,3.042033509268137,0.40265070323263574,1.6726482412180834,0.60491288759527528,2.1425378136306512,1.9053371973501472,0.16621324062287618,1.2769122232312686,3.135333484165197,0.42461252005765759,1.6941457958135062,0.62740940999776873,2.0610343467838654,1.8709304586067319,0.16124302799312212,1.2771145407229649,3.1329242326657547
2.4929483400390096,0.0246826568320694,0.07404797049620819,0.17277859782448579,0.17277859782448579,0.96262361645070649,0.27150922515276338,0.27150922515276338,2.4926717823956146,0.032201272320937044,0.079681507765632473,0.18838181641078319,0.1793550075071966,0.97507452280269657,0.27068110861467243,0.27765761285729923,2.4691143400349795,0.01694623286063747,0.092899217937349482,0.18212112689676266,0.17386276583068119,0.93984863269526453,0.27586477564100326,0.26389196935688353,2.4469373476100653,0.019177329546799248,0.06997647114971739,0.16551526186289836,0.18047538074047309,0.97089850072888884,0.26570359104143337,0.28328472960977874
3.4541710214446999,1.0044043395690263,0.61244167046891851,0.75942767138145895,1.7883296777692419,2.2292876805068635,0.66143700410643191,1.5923483432191881,3.4223259691905943,1.0046624339714889,0.63175418861962795,0.73583585503459503,1.8477719184996517,2.2201726447001437,0.66298486061595807,1.583702919186742,3.4613980604384516,0.99075318113668898,0.59937256170796271,0.74962546941986385,1.81629372838613,2.1509555027283849,0.63808830098641656,1.5901591184973549,3.4688967781368656,0.98407486567808578,0.6054249633310872,0.74488975773424437,1.7930983377637908,2.2143797465850019,0.70830086183282692,1.558035454061665
1.7902131323337944,0.8888470796902056,0.38808816155487846,1.1893024305714017,0.98899886331727105,1.1893024305714017,1.3144921601052337,0.38808816155487846,1.7950090553498177,0.8955762773943059,0.39957448103398119,1.1886016264765806,1.0030719602261773,1.2149696471439033,1.33039637467372,0.39196638167113634,1.7439661894636889,0.89677003341144756,0.39313230280833283,1.160857885553481,0.9819215703227645,1.1986452137096637,1.3313648705201424,0.39229949122863578,1.79113445615245,0.85432086814203534,0.39821267867865717,1.1976219312006613,0.95949685946208763,1.1873390762132394,1.3015474128222038,0.38692750880284515
0.87825230657827902,4.153896044626995,0.21362893943795971,0.023736548826439968,0.11868274413219984,0.023736548826439968,2.5872838220819565,1.9226604549416375,0.87663402625107545,4.2006937547072045,0.19168831861576729,0.042891556601739607,0.12477200724806076,0.015176689294339317,2.605980231545606,1.9038068550818332,0.9229273431058006,4.2107688025586274,0.2039799728293426,0.021264275920022502,0.13274337156725646,0.02849538462891105,2.5764357424775088,1.8965888977033001,0.85192455453392824,4.0779578105661392,0.22197266738900304,0.032937053394892821,0.12709225041607464,0.019683500473695006,2.6114955856479249,1.9567194910191026
1.5268525076750861,0.5865541836889504,1.9298375036691442,1.6611808396731056,1.5716286183410928,1.4373002863430733,0.5865541836889504,1.9298375036691442,1.4928490322274082,0.59312462756603412,1.9151074476535423,1.6359306230024047,1.5779330224650134,1.4466459894810295,0.5967206739194113,1.8818954365801985,1.5746245710604472,0.57129698638301796,1.920639414757584,1.7053342369980251,1.5132936563164086,1.4642968586354783,0.58475760959312673,1.9790431873809005,1.5684402422945918,0.59167017108072306,1.9934194267133423,1.688915462592504,1.5395321171209302,1.4141816452812015,0.57342287477351994,2.0021197552095691
1.3049935347802881,1.1572584176353495,1.3542385738286009,0.91103322239378615,1.748198886215103,1.1572584176353495,0.91103322239378615,2.289894315746543,1.3474631624904105,1.1750702449798078,1.4423911818709116,0.92266858934319729,1.752970777202423,1.1954308088422869,0.89249264899692959,2.2774902555908123,1.3684768607938855,1.1500292405450674,1.3193605264168902,0.90258609719719463,1.7385516380626729,1.1625445549573492,0.88603902209849406,2.3088886332353327,1.3264016342329057,1.1591852871604194,1.3254084887526492,0.89212382694377668,1.7890717490248409,1.1551299450638819,0.90111420636127237,2.2525971083181702
1.0684082657177592,0.28116006992572617,0.018744004661715077,1.7057044242160719,2.1930485454206639,0.61855215383659756,0.43111210721944676,0.46860011654287698,1.0671115064523851,0.25924098600061607,0.014996076199150915,1.7498516250915579,2.1431520258084573,0.61797696006191627,0.44450539122240995,0.47231072175933675,1.1102352722963822,0.2965517523089688,0.010715408310379183,1.6912046976697268,2.2025040017115032,0.62928439653485857,0.42851929334105704,0.46466195509404495,1.075379407510155,0.27917382173886301,0.015735376453782094,1.7153889670725528,2.1524753166603414,0.61765953840578958,0.42683071986260296,0.4729165201719796
3.0027016868302678,3.3553217362994361,2.9145466744629762,4.4131818847069413,2.6941591435447454,2.5178491188101613,3.4434767486667286,2.4296941064428696,3.0457402876155548,3.4154849375096488,2.8943464537548977,4.3968522331661228,2.7131547392382158,2.5059559295685854,3.4442295681330832,2.3932705648186889,2.9711186455432563,3.3758059890179934,2.9289587361244283,4.5329446765629777,2.7338871786195793,2.5088259441619774,3.5010446185478283,2.4585056132071421,3.0246965956748531,3.2972918062703624,2.9564880655558512,4.4347685062238122,2.6998397610125293,2.5220090610641623,3.412379258431399,2.3775533183517812
1.3866682001332689,2.1198490875600551,1.4823004897976322,0.62160988281836194,2.1836039473362971,0.84475189203520984,1.7373199289026013,0.46222273337775638,1.3936613549884669,2.0788828758041475,1.498677753323479,0.61400754312494943,2.1425672319059186,0.81054052996507564,1.7342076715463999,0.46775575228471467,1.3584191250198356,2.0749855243744633,1.4736894453620255,0.61519331928294207,2.1913662313494942,0.86072484272007055,1.7360493900889402,0.45713911834003362,1.4054383769716352,2.127992373266026,1.4453762101643044,0.61908406775709768,2.2124021372554799,0.84407543388387751,1.717468454947662,0.46310810289963183
2.8744076790690909,1.9559578881239372,0.90144146148320581,2.5002244309062505,2.3301411362867781,2.2961244773628828,0.017008329461947282,2.3301411362867781,2.8643235647284504,1.9835295192491558,0.89024570304335326,2.5261326668835897,2.3154665683240285,2.3329263750308642,0.035854671311725081,2.3832128254288034,2.952449992886081,1.907822594225248,0.90351998794801458,2.5570596451730463,2.3788443050140198,2.2942283982892984,0.018394831431697716,2.3206996086641101,2.8322756012112209,2.0192279448081121,0.88880689575332605,2.5047958869531857,2.3349540730309561,2.3182446884191132,0.0072953848096927836,2.2471537502759675
1.8726569615848152,3.9112455526771459,2.9156557756320542,2.2045202205998455,2.3941563686084346,1.3037485175590484,3.8638365156749988,2.5837925166170232,1.9071055328089499,3.9156565128421228,2.93111434898892,2.1377766072833988,2.3849947583333346,1.3211759975198425,3.8730254202392236,2.5465633655882942,1.8660304382527853,3.9164887878307426,2.914133947272457,2.1940321091623853,2.3965132977549168,1.3420850507483029,3.8685754507318619,2.5555120625111063,1.8998518615414053,3.880017515975112,2.8741129866957529,2.1986957724716003,2.3596151301886295,1.28956936643786,3.9060636044289594,2.5843795167297112
