29.152652318179776,0,90.607966024010139,67.459188160651479,81.096284494021319,48.169135672864954,16.20918114578981,45.127208894082933,59.640434160100639,56.882516719569423,10.18158750773741,48.169135672864954,97.172244880169657,32.418485780392032,16.20918114578981,59.640434160100639,48.169135672864954,45.127208894082933,51.144639538789484,19.381579949545454,76.836138670636217,67.459188160651479,72.294326596032363,92.330370565917363
53.118858271909971,0,96.689954892604362,0,73.873574841710749,60.574189986149371,23.715924674248203,76.869585900798043,64.100569292484607,11.155085908977378,7.4212868806159653,0,79.740275791461286,1.4820580041596085,11.155085908977378,60.574189986149371,0,45.15392241385014,45.15392241385014,1.4820580041596085,110.72135334339389,56.912885093905871,73.873574841710749,96.689954892604362
27.244906860668785,0,76.350043427883747,0,76.350043427883747,55.976641432543346,3.3491672697431976,59.19009008551285,88.039614285064303,34.795869165967012,45.755576410523311,0,92.130387658042309,16.036868487978662,27.244906860668785,55.976641432543346,0,65.312798845960714,45.755576410523311,6.0500125924601527,109.88662553020824,73.738402004734397,81.291342656687192,95.922586076285711
27.677422226858344,84.40552205530075,90.17056739398204,10.079831034819797,37.755709472568348,79.353559741815815,19.597362364336988,56.484308766904391,121.4603373522048,11.887352468188618,35.762495444788733,8.3427251715566495,90.17056739398204,8.3427251715566495,29.708996662998654,41.68953906779727,132.4358687001008,45.539986018938784,11.887352468188618,6.6902869757000909,94.378597890165508,52.944874083921277,49.294730371004917,70.977238409114136
29.159085925858125,0,119.04127606365321,42.983010461262097,35.387129253658422,127.17986564401143,26.026334685085086,67.252847534695789,137.57476016878721,38.457765858556066,42.983010461262097,32.283851388030548,10.937957589781139,5.7399162553425072,24.461921167709697,48.830995267150811,64.827740256463414,62.333102374234109,26.026334685085086,10.937957589781139,84.253805255098001,79.380989982439374,38.457765858556066,48.830995267150811
23.324546800892612,0,50.620538378414871,55.944232570832462,54.197044196198604,76.073338318081909,17.388917576634949,61.016581510714715,86.182413430443759,25.331463004398117,50.620538378414871,29.355676690633814,48.792488081982782,5.0672703003598132,1.3120291182109889,65.831236100653157,45.061100690973049,37.333099706386143,62.650200243018617,0.46626912705236212,144.99215233875668,65.831236100653157,13.5703954416079,127.53471532218539
23.842951432224194,15.267931911146556,4.1493325763720685,45.35891040740028,23.842951432224194,74.128299128609086,19.50259919741184,117.61986015857191,53.343910712552507,7.465648467414602,11.220177495512161,0,119.94124762896438,28.225977179076352,0,60.813659912187177,28.225977179076352,23.842951432224194,28.225977179076352,7.465648467414602,90.30971987181276,4.1493325763720685,104.5370841464879,77.12589736237517
29.12212341421148,4.3051304063669233,1.5482068883789364,7.7399745018241219,20.162614975775771,58.56695823106206,24.624994995819993,116.41678046407203,24.624994995819993,15.800198990026322,11.622285885990301,1.5482068883789364,120.05071698906411,11.622285885990301,11.622285885990301,50.731755440195428,7.7399745018241219,20.162614975775771,42.374829089304129,58.56695823106206,112.31426632017704,20.162614975775771,89.45032469341632,75.675461742379809
14.739477889690477,5.5305670621371821,52.588802963446739,110.26976208461413,84.210120429175703,99.056676116670033,1.0939696237780381,58.737961938689601,67.293012926365336,35.83626857927316,28.755958531940689,0,79.789817576995432,32.310035576878278,79.789817576995432,61.679587068676767,14.739477889690477,55.707141438591776,21.649355033471331,11.457600139509323,79.789817576995432,42.743810797669433,77.45994345302843,49.385751390234688
35.041537764618752,12.862536251222343,31.842139572209849,84.170359201267274,84.170359201267274,91.423368268427794,19.003786280288868,64.053835546182768,44.400588525189036,58.79474510874644,31.842139572209849,4.7889244140675267,71.390787992726814,35.041537764618752,71.390787992726814,61.461171347223093,0,31.842139572209849,71.390787992726814,41.329957797611044,97.798529759648062,50.361835147076782,58.79474510874644,82.206138036594552
17.91631978355516,52.413313192010769,54.826409919171347,101.41752331348869,77.901858341746774,89.464189519124858,10.260058949065739,36.967544355111514,44.881010372304644,36.967544355111514,17.91631978355516,15.283575946700513,59.497026933076121,39.641336535666056,61.752996084810853,61.752996084810853,101.41752331348869,57.187966449313485,54.826409919171347,15.283575946700513,105.86529637048285,52.413313192010769,44.881010372304644,54.826409919171347
27.116244044254891,85.525142143563869,131.8389032816836,71.522240327014714,60.459761042835559,125.34188006941733,5.5641506819559261,18.253488133652652,44.635577693043224,18.253488133652652,32.473120296545574,25.328159924939403,28.90501191683235,21.767457379987999,55.938536484861473,41.232402049059566,129.45648834811362,32.473120296545574,34.247431786640959,3.0760063033818925,77.717443017400214,42.94251612659518,36.012321353152224,34.247431786640959
24.744290515793409,70.15224133302462,39.368587415876057,65.359363323648338,95.562699920277964,84.182051957399324,16.457276917444666,22.645450859041837,89.0240654469726,26.850214363486998,12.503755707359028,24.744290515793409,45.400220332746947,14.456998581257546,47.3616259205182,35.24430747230749,148.67932859818953,28.957746796376192,73.192962578974132,16.457276917444666,76.112967899740156,31.062041795910631,33.15881899666671,2.563208023767551
30.115145961730011,39.240023113406636,50.102741616641417,65.681482827401965,101.0702045347673,135.76140740550673,20.897116015503276,87.31849389584572,47.992421745101339,52.178673631139752,14.203543708509835,16.393769696107434,45.849105963947082,27.80468513769074,62.011575670960113,50.102741616641417,41.470654862827899,34.710444309104894,69.200304673073191,2.9376883674057135,94.668500058291102,56.223163937286799,41.470654862827899,50.102741616641417
35.577902905650141,35.577902905650141,16.450563177478415,43.065135179426221,31.750376275392913,53.681963841083146,20.20600663099659,69.35465959257354,87.037431921541753,31.750376275392913,72.174539239832654,3.4431291372436155,108.22520755620702,9.3807220510783207,60.266613587828473,57.02621894197349,3.4431291372436155,6.2168333565659486,35.577902905650141,50.236836637960991,119.96752568449818,39.355003325535613,74.892241175250035,31.750376275392913
17.93152776223722,34.290760952627139,1.3575840256155629,46.19696160602723,6.8187944591391467,10.269221780024774,38.336424639829495,42.310640859774892,46.19696160602723,57.223540365350416,42.310640859774892,17.93152776223722,105.90140690096985,21.975042506141875,21.975042506141875,60.668183115992008,0,26.078129573541325,30.19531624571972,30.19531624571972,141.58848261616515,49.983209108589506,88.748863827380958,21.975042506141875
19.23642993856544,23.527124181980582,0,60.217025543732731,36.49076324281237,40.715134751265602,15.053577351174148,82.104913325078314,32.19728912013381,19.23642993856544,27.863552063924828,0,118.28330085769282,27.863552063924828,32.19728912013381,44.848631356641285,0,40.715134751265602,32.19728912013381,56.565614906708817,130.35774238248524,44.848631356641285,82.104913325078314,11.058454427011068
0.78913827239666001,148.65478897459482,10.884873103524125,44.297278599322937,0,13.485084568426835,33.182942404799952,33.182942404799952,109.26008745540712,13.485084568426835,84.03899672603454,57.162635681081206,66.446208961041776,13.485084568426835,24.613125183406165,64.212350314307216,0,2.2126708671059552,18.950283405556561,38.810854182256776,122.41942035438197,33.182942404799952,41.57467680504039,13.485084568426835
11.595710168894881,64.567797448114518,57.207721002995854,97.65927013296961,86.835402221262186,90.162659377373302,11.595710168894881,40.861863406488922,46.53131277502748,40.861863406488922,29.063114681695133,37.95893278192402,71.357816318342785,29.063114681695133,79.552828948323338,51.987952096261083,0,49.288045959975229,69.157265617120018,14.349917539689644,104.12312362826977,54.628464906567004,57.207721002995854,57.207721002995854
25.963664218434808,28.699715517283281,61.588058614205821,84.6025516161627,101.25053728529721,94.968353528274974,7.8908240286841762,34.149108820800485,52.260694553812151,17.848226400434726,23.234134656046749,25.963664218434808,74.000041459636932,31.431312296594406,70.071768013804942,49.801431441255701,97.583720257947562,49.801431441255701,87.76959557134154,34.149108820800485,75.887980612471466,49.801431441255701,54.670176715992049,39.512855765823495
25.717816440832198,124.67803372700835,63.93694967520161,87.863832352802703,70.707333742673271,91.097413539951859,16.954314449511205,31.637270147518521,56.608251534336802,51.417089083914732,25.717816440832198,43.206346064283096,68.512166318752207,19.83672688774811,56.608251534336802,66.255545566605406,11.423547818733391,43.206346064283096,16.954314449511205,8.8365723404807817,86.173666856722917,43.206346064283096,72.84178212578135,31.637270147518521
28.621832866848216,50.361835147076782,15.886478885331091,53.243513395284808,15.886478885331091,64.053835546182768,15.886478885331091,25.395807435876446,22.182423284390488,0,107.17781076695952,61.461171347223093,82.206138036594552,15.886478885331091,64.053835546182768,58.79474510874644,0,38.207537925979992,25.395807435876446,35.041537764618752,143.89628201873785,64.053835546182768,38.207537925979992,44.400588525189036
25.608525340348237,41.636336116764255,22.372538968862361,108.72468418371888,69.414517347834789,98.191149501681764,12.980034947576153,61.842157237986335,71.790647544185688,61.842157237986335,19.170316049515105,41.636336116764255,71.790647544185688,32.096438581685426,50.707714209917022,56.420864034626312,7.32812029628362,74.094330078546747,28.855986983364122,4.8350149086127701,76.326869066491412,47.746969812568899,64.440890266506671,69.414517347834789
16.466754924422055,57.88719610594827,104.03130706215119,20.701282465002464,22.134809854336314,52.869241029160349,5.1288676193774263,19.277070261203171,137.88123046556089,29.368121504929299,48.957431271409263,137.20474480831561,23.575363226239997,5.1288676193774263,40.788454778724216,16.466754924422055,64.972430235374404,64.972430235374404,57.88719610594827,48.957431271409263,72.564217654120299,61.496778494166406,33.698533545084722,50.27502838378873
24.329016989411052,28.22616345700785,72.754912922420544,0,3.4916053694974027,57.560315460793973,12.990084687649286,63.960030912340613,50.737225340670946,3.4916053694974027,43.521179265014169,0,107.3395695697893,0,132.6361041492911,39.784577557330522,3.4916053694974027,24.329016989411052,60.813965629504764,16.663283937628798,115.11034296941629,87.624502034023067,66.998288868846657,1.2515901887486591
2.0357782856432332,54.051387499574552,2.0357782856432332,12.476082255930608,125.33939073982674,54.051387499574552,10.057513280891492,78.816714785410127,56.396649516433726,33.691660468592964,31.001644935648223,17.579801722450377,88.593259040376751,20.220843149963965,31.001644935648223,31.001644935648223,78.816714785410127,49.21316865107962,22.897313646175789,14.991467898906025,99.391336297925065,25.594417595017447,73.307836724716168,131.74135901841962
10.490315112994068,84.105797717806141,2.1281245525803847,26.58111360384494,102.340531199502,84.105797717806141,10.490315112994068,85.754408705741326,96.092659264727047,64.885583843054803,10.490315112994068,45.658971867808461,87.357705956804722,5.8805664601054239,2.1281245525803847,45.658971867808461,15.615193195056413,48.242965878610576,29.368487735847516,29.368487735847516,113.45203000186139,60.400944300094174,67.045294411673282,91.907664117393082
32.102900188362213,14.632563229467312,0,3.0332664012467419,130.58925527436526,42.491205841366749,11.372689237678529,95.409513039954248,61.371251893188074,87.999085705910858,32.102900188362213,0,114.55805904071643,25.02401705191113,0,35.61259424594941,0,35.61259424594941,42.491205841366749,52.302907436256199,112.34272094743196,21.499490188039402,81.709471556462375,25.02401705191113
15.236428692625417,57.060818602372201,6.9458565252365965,2.5244280867269784,150.39081479677961,39.917503000745725,6.9458565252365965,78.278130909723941,33.785279973227738,78.278130909723941,21.31157232547703,12.325992959258651,102.92897280986885,2.5244280867269784,0,39.917503000745725,4.5790245347489709,45.869673569470642,27.546940681471202,59.692806283873153,76.1891340164685,27.546940681471202,78.278130909723941,9.547354725585496
21.17165874584915,46.148301422265902,9.2366309820798982,16.209188143945102,139.0985960289398,80.173261346660269,7.121937846313199,71.509130220107537,114.42497779523254,31.331860103443887,13.803758760803191,57.501900071545762,86.362482347748724,26.241873697251318,0,31.331860103443887,3.3882557597214809,36.376119998363031,38.865484543193119,36.376119998363031,107.61274528552248,13.803758760803191,61.73323224733322,86.362482347748724
21.361592803971867,87.410593379106103,1.3143967450617491,13.593046975817467,74.767513526278833,45.120653940089738,17.417209831741918,80.129232578895724,68.970710581125886,33.413828729117675,21.361592803971867,21.361592803971867,119.00562582382659,48.854964038964965,1.3143967450617491,56.011452103177788,3.664303632300383,56.011452103177788,25.370456923781642,33.413828729117675,97.751511966076663,6.6088922297145096,97.751511966076663,33.413828729117675
26.151987862219087,72.802304563324327,2.733622707864257,10.301626361494129,111.87383392650143,65.421670558985596,10.301626361494129,79.51527406051531,48.596458056654484,45.53806393115979,22.858589315700041,0,107.27216599788831,10.301626361494129,0,48.596458056654484,96.112590976379693,51.586703072749962,22.858589315700041,48.596458056654484,89.34035882410403,22.858589315700041,87.502801019039651,85.603485149880882
28.692672784745699,64.426479291489699,14.703710337402432,21.599229927069803,115.79708629481082,35.761490624205429,8.3424410343809381,102.05281846569601,88.217674554950676,0,28.692672784745699,14.703710337402432,104.94631997666545,1.0910745027230608,42.659379633296545,52.493274975676542,0,42.659379633296545,46.013585045241797,46.013585045241797,112.53340588692332,35.761490624205429,77.35032432315603,21.599229927069803
16.535173415503994,53.888599651260506,1.2409764590958055,16.535173415503994,119.15744922630653,72.406057455878241,6.2510233275053606,87.271802577612917,82.691703468724498,43.246780761236622,9.43127856519048,43.246780761236622,114.8111702088398,35.737223675449876,1.2409764590958055,31.89678130786023,0,46.886660822129677,9.43127856519048,43.246780761236622,91.509988475941739,35.737223675449876,93.508888346730316,6.2510233275053606
17.267175520778089,36.321191771792655,0,8.5012363223335203,76.566284192022366,6.547831518286042,24.364346468140894,52.141916231907793,26.764335257012952,19.605634690921761,21.974966854085203,0,88.367639422953204,4.7387395916331885,78.167243854572874,19.605634690921761,12.734470186307062,3.109197855830907,154.83241305607064,24.364346468140894,19.605634690921761,6.547831518286042,56.343657109180405,126.76029617608208
19.457048594961357,50.11623742438654,19.457048594961357,5.3977742425158386,138.15188745515718,115.27801169112094,7.4467726706568316,77.017001986389715,77.017001986389715,50.11623742438654,14.405546640261759,27.288046867140487,83.704537653818747,7.4467726706568316,0,50.11623742438654,45.271759951287919,54.783456962201896,42.78858756701942,1.9496316379433734,112.85891010389508,7.4467726706568316,73.405264576680182,52.47286702041324
12.549467049502059,41.813832643589677,2.0485776244106786,15.078185626564043,71.630394240376532,73.566452417888257,3.7247646925480771,87.332755207404745,61.178302536788323,7.81133918282696,15.078185626564043,2.0485776244106786,87.332755207404745,10.117615643047609,3.7247646925480771,36.541875040500393,100.83420346626443,67.605378318715481,94.539543309350449,20.333709766379915,105.29876087410977,15.078185626564043,75.452501611232279,135.06318178430521
37.777647376672441,65.056592355457113,8.1370484361949611,2.1372642985952379,103.65816706271804,90.610538563904115,10.533045760768644,85.933208055136987,65.056592355457113,32.26125589261305,23.886339350263707,0.76201779425052629,89.094863304278391,35.031993927591877,0,55.857131571429136,35.031993927591877,45.802490626106341,40.491502098647175,26.678070693023358,107.95589111085923,26.678070693023358,77.213208399263607,125.09604239160663
40.748458017299264,76.882112878732485,10.914994501714434,0,137.56381349138621,86.408550334481347,16.225555872575391,84.161006082836209,70.160373955745243,21.822785176361151,2.2191394855763158,33.261451350731768,54.806010993078466,0,0,31.360279873040039,111.00824292961728,18.068767475336809,46.185516927556527,0,94.586139051800131,14.41365125132636,38.898749142585046,137.11235564064106
26.323976205573153,90.635857728624401,20.324498636368237,6.5936174177573488,103.35270903108589,73.968778619753209,4.3435140092977651,81.93315765241033,71.827044792568387,17.379695327855185,20.324498636368237,0,95.260763181002687,4.3435140092977651,0,44.094209707507531,14.502334082570254,65.02338028807678,55.052359470727893,57.641177307624503,111.16068768271582,2.3930141908830076,81.93315765241033,118.39097779180337
65.703859345039689,2.3868258099669761,111.73139476626115,23.260125266795086,129.99235943131288,50.507603208196294,27.269995162372165,71.720495574868949,17.338883660035716,67.250413182571364,25.262486832636327,44.955693760658171,65.703859345039689,0,33.279786748531649,35.266616998623753,62.525097803133725,48.681895477703456,73.1547471500201,39.197897267653317,77.294320272820471,83.671840710688144,52.307174902994888,79.921611038012529
40.445889354092991,137.97456859250843,110.31433394156393,55.469250483012317,67.452433567161663,94.80371454733303,25.874454433267069,51.138662059607356,27.511519716739478,34.038659737732281,10.179969486139617,76.829184712758575,8.7709165039093957,6.1184288403231566,85.081639911499906,43.577406011551375,14.653079104561474,73.449970011625467,35.655550510365146,68.689198111967599,69.90720572693813,43.577406011551375,43.577406011551375,42.018532504580811
81.40708777412992,1.2032009102292101,27.308803854747048,42.260318200259199,0,107.2739756746966,9.1581314936857385,85.990369870875767,34.87299219183835,0,56.080490223144679,42.260318200259199,19.759163016233799,0,45.848437270477255,34.87299219183835,16.077547338803242,68.333869845013425,1.2032009102292101,88.154849051769261,130.9757775491413,49.352238876019726,56.080490223144679,73.852880943716329
90.489291780035032,109.90546421077909,13.628012149144068,20.086486979749431,0,97.23668650960775,2.8101454564499582,48.540809426994471,117.53112953326514,15.738752330207179,92.839853299549404,40.083943495030056,40.083943495030056,0.54835455696572966,17.895293634253893,24.534872476294368,103.14149994527241,52.587579304448575,44.368572404845189,35.705407684581829,105.81531048818027,48.540809426994471,44.368572404845189,72.359870606773285
50.296302738304199,144.05776047355999,44.946602100959545,31.794022064495095,11.089424031049685,103.0726595166993,3.4488694171683183,46.752572385348579,119.52830020113234,9.3957856027457129,20.23619295609771,48.536116706382039,41.271946803336768,0,18.343909328060462,29.865703489949325,74.961828998155653,43.119301646062638,43.119301646062638,16.475777529741343,98.021778488863887,55.429530064996271,39.406011357149005,64.996400420862003
28.20136889490405,131.80415582226948,41.005903560346972,47.139502691545182,0,118.02806592246691,21.724454648112989,12.977403995310443,133.38241289360673,15.407301146809727,51.865175082641571,53.019197842020546,26.902292106654475,1.9170844551923392,17.901206550195404,33.381280598173504,32.090750824958143,20.441607452273281,24.30703738987868,37.223164759770285,139.06166403011602,56.412695432408498,15.407301146809727,45.931868682293675
21.78120195174824,134.82012221217278,39.944039700067719,2.8985813617025911,81.972923973003134,52.712781431399414,53.723633697567664,12.965446822499857,135.73018943900055,61.484418012436656,81.257684828492799,36.595484121401576,64.242209960954881,9.8858769292240769,2.2143332093632981,11.919846612085058,100.53513745568186,52.712781431399414,6.1130782541017181,21.78120195174824,116.70265150132337,41.048516669371857,14.027444767943248,38.833452956458288
18.210532174030753,132.10766451220306,96.506221742099086,54.864086670999122,4.4539369046628687,36.492048975835495,28.654007160552734,60.43579015168276,132.10766451220306,1.9538795912385913,40.335952326284406,4.4539369046628687,29.96875261433409,1.9538795912385913,59.345724128387523,15.678126114798799,129.95544777444519,47.78991488679123,62.579158070408347,9.6720560121909678,80.538516423138219,73.495025768691377,12.005114501298474,51.378109648410351
59.058230143279815,105.9988815789697,12.136924525328746,15.007105283819502,45.318807432360316,88.854287487964243,4.5052802720549119,79.615797512299437,17.972656486498799,36.394174797579716,33.33892596981665,21.003635563866339,79.615797512299437,9.3982841394209018,56.439226561089896,53.753815868331735,59.058230143279815,27.1659411535082,27.1659411535082,83.483022184210384,107.1659578390465,21.003635563866339,77.591555320258522,85.329111049555507
20.119072410836342,14.349917539689644,79.552828948323338,51.987952096261083,6.5207185025966306,96.248048928683033,2.3658634421971736,37.95893278192402,64.567797448114518,8.9720245159718601,32.050494021455727,6.5207185025966306,94.794198471609391,8.9720245159718601,146.24997190481511,26.068837712548099,71.357816318342785,0.84428481690752744,29.063114681695133,20.119072410836342,94.794198471609391,64.567797448114518,43.721138698817384,26.068837712548099
23.784650903397722,42.677667775194912,118.0470693445091,33.343191625252977,18.118306536720834,112.99047211221426,16.270601016705786,53.24068231899799,49.81120281335533,18.118306536720834,44.493084928007548,25.696317153209396,53.24068231899799,14.454154919584607,135.75832290407197,23.784650903397722,98.352201086846193,44.493084928007548,54.918625311193651,21.881083865510142,81.952906106535394,77.008388105552285,16.270601016705786,23.784650903397722
43.09826587138356,18.333142177377461,115.22632304831195,36.70696688204,30.154266812964313,121.90098713125649,22.234696750207764,39.28754500035749,113.61986946636415,36.70696688204,83.30832531376268,81.679994734267098,14.534235331810354,8.6113036670123861,69.998850826511529,32.788746988249528,78.292362061733684,73.802714179467827,55.14077825581218,3.5806106000578168,113.20595735410878,67.018675507103339,4.4867559702230961,23.548991804231189
34.997680119100188,7.6379743256472956,80.41855027578994,20.795221921232461,103.68252852055983,83.733541759288059,23.446608082448428,15.602516914632263,94.035410576786148,48.621231097972455,56.526261772769999,118.42344365778651,26.115469060712307,19.044083201656314,17.311464102593771,40.224068335926596,107.47368057922482,30.570921238496489,35.876399514548332,34.997680119100188,116.70485310847357,34.997680119100188,33.232831918789827,116.19597584798115
53.249931302321556,0,60.045145077246936,18.19140030884941,88.786943542734306,82.838666826612069,35.105423572581358,9.7647898409204945,2.1858868020579663,24.922229021964263,47.087243041920367,39.548655137462916,52.243807461793708,1.0231634066139308,0.55851776256998398,65.515880115596175,134.01966432226601,18.19140030884941,73.908515643797855,3.589706169350694,138.92349206506648,39.548655137462916,6.9251994148576834,135.4133312561832
11.003214539217277,40.17125389109281,81.63852146535514,49.050348430284309,82.612919668669591,69.865424094750409,30.883006308982022,49.050348430284309,40.17125389109281,43.185859713640255,89.02171031805986,34.010648421552432,72.155152100759196,15.352542035236619,108.67015152140539,34.010648421552432,99.905698211089955,65.078696411647257,49.050348430284309,72.155152100759196,99.20474100096078,26.166321366754644,50.478667028491124,62.580434510770296
11.26636930009993,28.329282045389231,28.329282045389231,0,65.209146815435048,74.308330318138374,6.7903945062671971,79.045235094162891,130.01400771119438,73.07256585284459,8.22123960377521,11.26636930009993,40.484175144440151,77.891440464698647,3.0033851244166518,14.498643834138029,147.54977849924569,97.527417291508712,62.413728697150148,23.056984531609487,50.362937873492925,19.578547363633149,45.504058751672403,3.0033851244166518
3.6751588435017468,37.473172235877819,57.845208140849763,11.780473868305416,33.494517978981754,74.891229443845816,3.6751588435017468,92.96378375756035,94.986457042332617,105.56425457013874,1.3183474268868494,11.780473868305416,45.219898255729767,129.86838489018982,25.435477213791696,23.421702272636889,129.16023504472278,56.123436319646743,67.571890291430336,13.630830270450986,56.123436319646743,56.123436319646743,47.101815346203679,19.429960178356872
23.898419938931465,19.218274677098666,30.991036691496848,155.41239746927241,61.470636385178665,1.6693026869480259,12.471223165986803,35.684629294958611,38.004903664051909,80.325240980542887,26.261083202761519,0,96.084468953191376,99.374681288747283,0,6.4070932993605689,72.329694297817241,4.6357481347345946,19.218274677098666,30.991036691496848,6.4070932993605689,21.547732229235116,38.004903664051909,40.302011608788042
6.9369516019136626,0,55.519713779293696,145.75794761343437,16.876134081699199,56.714288511967055,1.3819352049047409,11.681138192954663,1.3819352049047409,18.220067746190601,40.212705363988633,46.795606193592491,51.856797888705721,30.640081999648888,0,15.547407247284207,137.08722529824965,15.547407247284207,56.714288511967055,18.220067746190601,50.61001657424378,63.597227278672143,16.876134081699199,141.32084300433718
8.226873468209785,0,42.942613200681862,148.82975264117988,29.128579379747713,70.709817352921263,1.649686003616563,27.563562316451552,0.320066423669436,0,6.9506761910643702,36.890716039550078,48.787299417524054,0.90208506028915758,0,12.334254518000796,139.44261228142909,0.90208506028915758,12.334254518000796,0,35.351802572890044,36.890716039550078,25.998478375315074,149.05979854144303
39.009781953474629,4.7916107954910805,43.656709846652852,1.7265016019102237,73.715337588050346,86.096128358538735,6.6200533984209455,52.550251205949124,4.7916107954910805,15.128286185770776,4.7916107954910805,52.550251205949124,66.595622212550538,29.442057186353697,73.715337588050346,71.99615133428955,149.26121304585956,10.684700197372248,71.99615133428955,8.5938354844690874,81.728969031325349,27.02151628694191,45.933527780138306,73.715337588050346
11.368210738478565,137.71124065232326,69.828228789184905,118.27756059717994,12.6027462802938,41.957160908308197,2.0578767329912049,20.415611585005443,101.01394511821836,66.749045562571254,12.6027462802938,24.471095574825565,32.633947638569808,105.99841961609337,5.6907811884287147,5.6907811884287147,134.9930799413942,10.161258516060457,3.7414978148870026,21.761320682306231,59.105195496291437,65.696532947595514,24.471095574825565,49.591538821714884
28.894561630290699,93.010119459089054,26.90760364835818,108.39665448068948,0,79.262194575732735,13.332861470975143,55.235538492335337,0,22.942144761460384,13.332861470975143,48.134404016537154,51.737046946260293,114.3220328420436,11.519875380402921,34.824827737663206,138.86209585960106,38.721559328699179,42.55008083386258,40.645342813810252,84.212927016049221,46.295954316432436,44.434099998474501,66.613686813328144
3.2239818839127738,33.007847377324012,79.689012832714553,146.29323815245323,43.08301104710533,45.867681613836822,1.5142073293637002,7.5763026826400006,33.007847377324012,72.684336503886229,11.382459682531811,49.947713280141016,52.598333130883653,97.55523406978547,5.2728950194525588,37.378986116320512,134.91901094498414,52.598333130883653,0,0,44.481485394741554,100.22653016400864,14.090668370887979,52.598333130883653
9.1097364544919639,34.718983464923348,1.1965199904706088,19.661815863443341,23.403662904319013,52.563487738894764,23.403662904319013,85.759390814705853,19.661815863443341,3.3399844469095563,9.1097364544919639,0,114.67891528136551,34.718983464923348,0,65.202249596723263,136.74505818909708,12.457813060267966,49.158442242719509,19.661815863443341,116.88346171455851,0,90.00918132620609,62.193750938402864
0,0,79.588246022352436,0,25.089877852122363,25.089877852122363,0.62886862416048472,15.448583926865192,6.7683490670606412,129.98083247704665,76.341184452927806,0,42.067455729358336,155.21057112757643,0,0,103.66079329796099,13.146054923037534,1.7663995131943571,0,81.153694991337503,77.98432061870308,22.640801003013102,0
19.808099772881892,19.808099772881892,56.184584409629629,52.865520387251735,62.520349996755975,34.950353292189824,0,71.256878877331189,45.941549989922244,52.865520387251735,12.555129266621083,0,110.0926044025977,16.118377880149698,23.573270726001788,31.174077540420388,12.555129266621083,102.9207028207877,27.372914602145997,23.573270726001788,121.14292419257249,68.44641548280363,79.098109189859954,42.348733830653181
32.160474991860582,16.0645449472647,35.383359225414168,132.07926832023631,35.383359225414168,28.914964858426028,25.662116924706254,53.689537265015254,25.662116924706254,16.0645449472647,32.160474991860582,0.95539994151837415,102.55203164444866,2.6739694038287065,64.538121466202881,28.914964858426028,19.212291271469184,4.8466448272640879,41.713431982002348,25.662116924706254,107.64047490335764,53.689537265015254,64.538121466202881,122.067275774135
41.289383210811344,85.075024976723739,64.850062150441758,43.850510623650969,28.05358465461789,109.64234941843593,9.958577024787278,110.56584813457053,105.70405907605985,43.850510623650969,36.06419064980814,30.737552227451452,60.53031841357285,38.692390576134159,46.371926327915197,48.850495168413126,5.5740599952720089,60.53031841357285,43.850510623650969,64.850062150441758,68.965494267199247,28.05358465461789,41.289383210811344,38.692390576134159
24.662224331181946,98.858574447662534,54.783456962201896,59.262052067997082,37.716492799504977,108.41292391163742,32.533376617093722,110.25724938316452,100.03214471266044,29.91477214220631,32.533376617093722,19.457048594961357,57.046802703459754,16.904118596449578,32.533376617093722,45.271759951287919,7.4467726706568316,71.529512136350974,71.529512136350974,69.606251050024468,85.270120881747246,16.904118596449578,29.91477214220631,32.533376617093722
65.670579837971943,144.28000509883617,83.607533282527257,12.170913679623437,62.728840133925445,90.990135228973713,19.229925230037431,80.137710002449325,100.00265471462642,8.8954458299392662,56.551384690028712,24.755726920083156,46.575361167304827,10.504984183644813,19.229925230037431,17.42041435200753,24.755726920083156,82.472246869303021,53.317784589215883,19.229925230037431,88.978065355698391,46.575361167304827,30.333454858597097,2.1312616959558075
53.669654970602046,131.02565428454938,95.188752996952189,5.384438706142828,76.322896812911537,104.45350157898864,50.554124707748073,64.37138923032127,131.77585752956844,16.585300837171193,73.915715962598227,22.288037743924694,18.843193593424402,32.756298259619442,46.277602366830855,12.216788427247664,66.192360734733597,76.322896812911537,54.689919587350253,12.216788427247664,57.694611966248694,33.912809236680523,23.446687846929596,2.2730858538956764
26.671463394784027,103.72578850501232,96.90341832927156,12.992904679470007,74.409905878643457,103.72578850501232,55.565685753982535,45.00100342103854,110.12936683293894,65.805216883722792,73.317091625274287,42.043199387059836,6.9182169781272176,33.673592909456168,37.514919917551836,8.8434743067634312,91.460395174358609,83.999905877344588,47.903231563971282,40.545153228898357,103.40885584502756,42.043199387059836,19.698008535455628,58.883548752174953
30.457564394929303,74.225728342589221,69.757301315198418,12.22745845408231,100.94493916565817,44.85357671074857,39.655691266684478,13.658184962019519,121.06623430206221,93.289975756152302,50.587191677369184,38.90120016498647,4.5405778129193877,23.465659557138675,21.920656406014029,12.9390321790627,100.60775597201825,75.301720875515514,49.88368179496031,92.091318878107202,107.46700273062663,47.750080331419682,25.793359834059661,99.232938280786982
11.692572626309778,0,39.197897267653317,0,130.33445271300818,90.528516616528236,13.530341620568688,48.681895477703456,150.57326967779156,9.9127508226435896,52.307174902994888,9.9127508226435896,23.260125266795086,1.307844101985705,0,21.268084751073193,75.941319897388766,27.269995162372165,83.671840710688144,29.278039819712504,101.99974262197233,27.269995162372165,6.5770055678260579,62.525097803133725
32.991497173921694,70.266875347864953,121.51239758077755,20.042285537593187,75.197898932674761,83.064387657245106,36.416854017887978,52.69005451748712,108.4624921478399,83.064387657245106,105.5526598175104,58.673917725466431,6.6448857605158125,27.803336094238684,28.670158087868952,15.840678925820203,22.612726098792834,75.791416502955542,57.209163885860413,43.94608775139772,100.94329215760462,48.785734516452159,20.042285537593187,68.982431488070048
37.523520460968882,122.51996465497606,91.881248536331043,4.561847406189357,95.986285949992251,96.545843167730425,42.052495626105504,58.894785031142995,135.760028329606,74.150356515533716,51.805732487023938,22.399092504964319,10.19033024488669,25.898116420350714,24.729247155705142,13.356574454802809,68.204834254744526,83.305133751531017,73.329178893453602,0,36.376507803131432,48.629742692722566,28.238620444574895,23.562562631214785
36.398798713760605,123.90020829780245,53.015963822751274,4.2100350849918096,72.663404992862183,84.251858957173496,26.606979459043007,56.4452794516003,119.16861985421896,43.066627251174474,46.767481679621547,13.169436926958006,15.009329076149591,35.429935957028469,20.729031219226798,15.009329076149591,124.54426493596259,81.848921169774599,49.482591650629239,17.838825924216973,30.543580568811347,36.398798713760605,25.622753612051778,122.33389757686247
45.33360507493876,115.4541913429677,133.84520417275266,4.1462209550381086,91.609300176986537,66.753929622159745,40.567858595502706,73.216818870627279,58.705217465698333,81.551626464811761,98.933134108710149,42.967465133742301,9.0240918233930536,42.967465133742301,44.154902878542522,14.665785491309235,5.9758668826031691,104.25805056430241,65.786760080545591,35.682146795208212,35.682146795208212,51.085683571375895,18.266239774207904,3.3074329243047873
28.62777548029716,19.54946814866323,50.120422582486547,3.7002268337699875,116.57923973250222,96.729386771087206,21.547840344907293,3.7002268337699875,110.24585275796564,94.769020518188441,39.648439825294922,77.237734355758832,10.947189103596104,16.595778172007982,10.947189103596104,27.613531220462441,112.59822345033875,23.561788312759912,43.537008953067847,47.336178988834952,120.6247471014716,31.664981085549204,5.1255294180147724,124.39187242379008
28.640936497567868,111.07280099126001,77.918831808796227,1.7868274001089666,75.133534078385338,64.795952081897795,34.396254871625523,31.114964319711827,121.22880225919755,36.836521430460607,64.795952081897795,19.605322755005375,6.1965850103379276,33.578485790173829,11.777600065330828,11.777600065330828,76.261149531795425,94.523279488863281,19.605322755005375,58.762402230958486,126.17538037729152,50.118468996595418,8.8810613257974822,118.2687940487893
32.513847280289163,109.31893508391478,72.442894105142017,0,86.332712834368991,86.871771215564905,52.112323106488645,36.223948608235858,122.93034207464203,76.35483955985697,111.55492104534811,22.219548455269685,6.6903132887977597,19.444216596600093,19.444216596600093,5.9607396516002691,81.833503200764028,81.247087755062111,42.586144113883051,14.92530330681384,107.28898801091154,46.124263253107038,7.4414565121730893,80.655189215466663
35.397867334611036,101.1175802522089,110.313221830442,14.905968958680512,70.170116616395774,59.538051082745582,32.235071073085884,36.183676011083591,117.43756044352439,44.645936527985874,38.52673179601107,16.424608447779679,5.2987625063394175,22.674442801486681,20.305822097977785,13.412920304893305,97.544916656833735,73.051714544369418,33.028345114008324,98.282145013080395,122.31480224256094,54.085543998837714,3.0944022856055335,92.867292219550862
24.457467400672336,103.1719267741167,99.55172638578901,3.3742361690433507,79.4542588032472,62.256425475620723,31.224557283858182,39.561725652735547,118.3941285626216,82.654018619925992,59.479340729151765,37.914876224744624,9.1997900855682904,31.224557283858182,30.380111481648662,5.1382766273078602,81.605299956117818,81.605299956117818,35.422917376962978,72.554931007712213,115.29385868696467,45.215646844581215,3.9381637301885202,96.831968752007967
37.477871209016769,57.851302825398548,41.779364698355394,19.828810862749858,28.66934998161047,28.66934998161047,4.2261960647448955,115.76309210943666,50.066804253901552,7.6010413855627066,24.229672376086132,7.6010413855627066,122.6870998945252,28.66934998161047,0,57.851302825398548,0,15.530872886954025,45.980932363835507,57.851302825398548,45.980932363835507,33.098167763256654,106.95252734239367,37.477871209016769
21.149399150465076,1.2995386389260264,151.35733660231773,11.623001620875014,13.450795245582253,86.939417625974272,5.0201264394337812,94.402023716928113,35.088883993378992,13.450795245582253,126.8652201548405,2.3717675553368753,62.275934230517329,2.3717675553368753,17.239494854984986,17.239494854984986,21.149399150465076,69.999596341519194,68.511164737645856,46.61584220690235,50.282830720975355,25.125407208565438,44.745972575283034,33.109511320163598
21.243320266705872,17.020415784545147,50.600039458309709,42.574021305730994,27.702657877246001,96.036896998015905,17.020415784545147,73.209464025988396,17.020415784545147,12.943400039429434,44.621571894245406,48.636011722780225,48.636011722780225,2.6594283108145813,154.04730876832139,25.542236375553383,10.98682457553288,21.243320266705872,58.145377089178446,4.059154667338059,76.201063695892685,34.16202148990098,73.209464025988396,27.702657877246001
3.5355009134786077,29.312368591547056,54.666080032103132,24.594982561247281,49.050348430284309,75.462967350636106,11.003214539217277,47.606403416350553,47.606403416350553,38.646023166378377,124.13736082486366,101.27548353528348,54.666080032103132,29.312368591547056,136.00316644647884,21.46734662453213,60.011953786422076,47.606403416350553,44.673583467892399,95.531579567518591,41.684823523653591,23.027807410887014,41.684823523653591,47.606403416350553
29.84142446482527,6.725209375013848,108.17991918974407,65.653613771829683,19.537426109117092,119.1996427141147,13.239363744257382,28.900807482265385,89.20036108920435,24.197015549339895,112.05845633735824,122.2298659061041,6.725209375013848,11.522683476765557,55.607209653616806,12.375118514318585,61.914912712598095,56.417386191385319,22.324021585419136,0.14944089435392818,112.05845633735824,44.541176559127436,27.959561679212584,108.85533003789216
40.99234156985046,0,96.077186896260628,91.150239126428232,41.773954509903476,115.23471440774365,24.078472821459112,23.26743159197974,56.584934660157082,26.518233085849186,90.281277313697672,112.72917984773463,3.1867935562551524,15.317659586700037,33.82775400044882,26.518233085849186,100.19179085537618,34.633568660965459,35.4373373201379,0.6230158456734699,124.69065319465992,44.098120425147712,14.548943768510673,120.34613212619801
29.876905660662402,5.8495992665119081,64.838066724247739,5.8495992665119081,100.8517871316507,101.94764376284252,18.001668225393804,5.8495992665119081,115.78051030533942,21.353510251585529,66.827506850018551,123.2497092579252,13.135632513418944,7.88498748987511,49.619147449387697,37.492479743826237,117.94648655498482,13.135632513418944,24.751627797980507,30.729930540952456,114.51075544569545,29.023024197453207,23.048624929584456,114.51075544569545
43.902245093413143,0,56.378253715027121,0,87.574030805523634,130.34428016544734,9.1584173408657392,42.59080475519275,139.07374427149284,18.07404399676912,18.07404399676912,135.664632330274,7.9975065072523641,2.9190070729905946,49.038538438041307,70.641131991068647,61.009457235566686,5.8025532010975578,47.771685149440529,2.9190070729905946,56.378253715027121,6.8771189342940087,33.164741964536546,95.536421430382163
26.871991941147606,40.547836473398462,107.08852187591474,120.57156329922017,57.836688098234553,126.20026256304996,9.4863361959759676,27.737275650835056,30.331273077671984,32.916067196708838,108.35614536925154,109.88325344983143,10.23801792911507,1.4604910403647315,32.916067196708838,12.564396599288017,20.843908892478026,59.289690427005262,32.055963365955662,0,96.510492151183882,32.916067196708838,21.699069958355096,119.24908128506841
54.400048936408616,0,94.318635283902438,119.2745293400079,78.603818225072033,122.24382392877939,18.928161889684926,19.768087814682968,26.585178103941626,25.72766225312985,71.519102169587924,85.511263763978008,3.4399940394755752,10.115742046543078,34.28144751575735,17.261936495072231,88.924356249712716,39.327128933290183,40.157492200846228,0,123.8086387898357,22.30877428869443,14.805531938382124,126.68254254751587
27.319255411355325,131.78319532327259,30.735822292427166,6.0690706518047328,64.847339616880248,127.19437984905809,8.8389662197001382,36.382283915805807,135.54912465465375,1.5787461181378732,5.2098769463698007,59.314078216665465,10.816541992598079,9.8163872372160466,46.218003252653823,53.45218624447083,71.71156097874254,13.931457874892295,42.998840402909515,9.8163872372160466,59.314078216665465,13.931457874892295,20.514250236769954,130.67434258898729
26.322137536957705,9.9364833308958289,105.35423535962317,49.686271122469279,16.410539716098533,127.12747315749348,5.8148004993470979,37.313574136335937,93.253418432006072,24.31305082719911,115.56662013743261,106.51119490355283,15.451130509413264,21.31526702085981,102.0988025051454,14.501234783965369,91.696691462316409,69.619437768358651,34.343835505638843,10.820402007503393,76.72556926057338,30.34391852607267,27.327960801426066,69.619437768358651
12.375118514318585,10.683191747436055,91.723092974038551,33.590007908936393,79.678179677746272,117.94535749274623,15.892604655604723,50.619557160486842,98.187425237063238,33.590007908936393,118.95292823053323,61.148313396136238,22.324021585419136,1.6555353629634819,31.719210867620816,4.598204261337286,109.51881063469359,88.681390450916552,33.590007908936393,98.617577591461924,87.094801395068245,24.197015549339895,9.8578503380438089,73.991836521701188
16.87468371904567,18.782326271756027,4.9053095321716604,18.782326271756027,59.734269503310216,71.924097515258694,13.159018131053749,49.452801467108465,150.42028984361679,18.782326271756027,11.367899230846225,28.55601680010232,51.231607719445648,9.6343928057741959,3.5398895702001894,43.972307548704933,95.39130571437255,16.87468371904567,43.972307548704933,85.957690919374997,125.35293815572012,9.6343928057741959,30.522179674162832,67.557437231016195
43.262576969714459,0,113.78184539011571,58.814074158251529,41.685548561712686,92.061952194527493,28.673270271082576,14.072519627870557,72.878979010348942,39.294367756734253,94.578402484956626,55.292475270786014,4.9623518900252428,34.43344530708611,23.71822837710339,40.094679747299111,68.655751302189486,67.406321170620444,11.050946904570136,117.86687667199716,122.83507400763042,56.715388201358166,0.97877656442402328,111.9416962407789
31.172647116175085,99.94968777153278,68.542741003179714,59.182587765337935,14.378051479795099,131.78817125639705,1.9456033237935944,102.20889763225368,16.872388835199196,22.007867512092044,126.68153276765743,63.464579868346391,24.618352998071806,1.2689506310765395,99.366448192210058,22.007867512092044,9.6330185355860873,60.271366667561956,37.655630367312298,65.532341310612708,76.931051631614253,36.370109491280111,20.710703731022971,60.271366667561956
26.951730318486888,145.5396894222952,70.756255046071658,45.008197197276559,30.025500303039866,45.008197197276559,6.7738399728282284,66.133894395482343,12.030877586295402,14.878420924579817,26.951730318486888,0,88.465851594700212,26.951730318486888,75.117280632796238,56.08811750657582,0,14.878420924579817,36.126269075686906,39.131094927070912,86.729498974630474,39.131094927070912,56.08811750657582,72.968948524137005
45.389067049137445,55.497202285114334,54.523652340893946,27.873820999397338,62.969804515734126,137.20980821287816,13.615217118954469,5.084950077597167,3.5220369969817233,20.068432143306818,58.365673143626758,129.2050206967314,9.5876292225579718,15.724181431364029,1.540050418136748,34.57089931567301,81.337273786122793,23.3966077952952,31.232256810714109,0,134.47919721399325,37.875127851448575,0,126.90282956340509
43.599183151017847,2.835442149350599,32.05160098740339,0,93.495971174542959,145.64400580715753,30.364633284833939,35.405545666294501,0,38.721346445273333,5.1351681889428393,128.98767553348299,20.247888604004491,5.1351681889428393,0,35.405545666294501,130.45770842487627,1.8528330143331502,37.068987288932711,0,114.25444669791464,21.919414634320429,18.590117787716604,89.953447459010349
22.135271327411029,34.973745534278507,0,34.973745534278507,7.2423017071404123,89.596367227339272,9.9478421653785301,71.291250193841648,149.74053653332092,15.851224507443202,0.94144498644368735,0,111.60236113289878,15.851224507443202,22.135271327411029,44.320864975267362,0,2.6353155894616571,34.973745534278507,53.15491020868712,80.076571082785506,44.320864975267362,77.982737669586797,47.329898650809703
14.641992000184823,16.892254253060162,10.331397230052067,0.59296659867057,59.451157051755786,153.61584957909483,8.3059483029275079,57.464423355670078,55.438668032642369,12.449673439585201,8.3059483029275079,102.36978200804556,42.513510487935122,21.512710743272869,0,78.722357777170345,0,12.449673439585201,65.174372095349455,1.6662143072507691,115.63751478157218,12.449673439585201,35.632338350496113,70.542267937233063
24.198085652739461,27.646937624680785,10.962041612155721,0,62.677240904835678,142.30371572933132,10.962041612155721,62.677240904835678,10.962041612155721,24.198085652739461,10.962041612155721,56.956022351833475,101.78814575126481,2.9180209811489939,0,73.11095313091873,0,17.399743931816158,62.677240904835678,14.115022179195863,116.28126158786532,20.772624358407043,62.677240904835678,92.052676776095652
45.120653940089738,13.593046975817467,13.593046975817467,127.96826852564985,41.293406297545957,33.413828729117675,25.370456923781642,85.080380274763826,21.361592803971867,45.120653940089738,29.39956132559087,0,115.65290912603309,17.417209831741918,13.593046975817467,48.854964038964965,0,6.6088922297145096,41.293406297545957,0,111.91295212098757,13.593046975817467,71.924823254149118,80.129232578895724
14.266331133731525,10.272497246176478,91.574761144407233,115.19427285527631,34.842937513309614,128.95494374702992,13.244198722387553,16.348227165855803,27.184023454570006,0,124.40093355652127,42.321340931530678,9.3196070518174015,6.6039679132353823,0,15.301502053368829,90.994916449422206,37.004617417299123,28.282656954362892,90.994916449422206,83.5158771130654,27.184023454570006,12.236692940600829,135.81466031298561
46.062776213655027,47.118622361423981,74.737144251506749,43.928488518651335,52.277099626168074,71.522267460662547,16.016535752103714,23.808860714378387,18.206496522091705,24.941961879322601,86.909678584356413,27.212959728252684,14.937818633038374,40.674320233524625,107.81406359088871,48.166652589155397,38.473181435797834,141.62584161254532,57.221535517879012,52.277099626168074,83.568416188272423,79.301146523786215,14.937818633038374,74.737144251506749
40.450895474948133,6.4372263143084743,40.450895474948133,0.45452378555134204,85.128626407160056,147.34581374266943,60.03611945302346,26.76473251736012,0,18.914420669806766,6.4372263143084743,63.254233926350729,53.270025824530222,4.9431075016935671,0,38.533463542469704,142.8514639708539,18.914420669806766,79.000368264069962,1.279144672984726,79.000368264069962,30.719492896768124,53.270025824530222,24.787725425972667
7.1580232003276514,73.092911179233155,60.895405028783408,63.478835221724282,63.478835221724282,60.895405028783408,7.1580232003276514,97.212324888839518,37.777725898093728,31.466163743740502,34.637611752262714,52.714879174150965,87.310010614064893,7.1580232003276514,117.02728931859792,46.91786043669866,0,15.676719438080681,75.32027699844889,55.512444868683303,73.092911179233155,52.714879174150965,60.895405028783408,31.466163743740502
15.524971095959755,27.292835371303603,15.524971095959755,7.8780540385935138,35.789455777365802,119.93939164919091,12.341215964440131,12.341215964440131,87.699714984240131,22.182121747015692,39.130354407341486,145.07263147306702,53.410297468532029,9.3144900570551314,3.9889430252417619,37.465719953219356,97.356512782410149,1.0276911842100613,15.524971095959755,15.524971095959755,135.59533610894192,30.706835055343639,37.465719953219356,76.050723508204797
4.9094417547979576,39.760242560558098,34.944479723104216,25.13115373727733,49.034120187161882,145.51721369756422,4.9094417547979576,79.668125841672747,30.052360326456583,39.760242560558098,103.73548981460328,37.364331794562716,78.064061952106584,15.475753145963528,1.769790814127957,34.944479723104216,65.70025725317673,22.678700944776828,55.598213919158987,101.69471780494747,53.4506892734302,13.169531308462378,55.598213919158987,30.052360326456583
4.1173515521434654,25.132353313711953,2.266979227197861,156.14328509259548,67.424092179192328,25.132353313711953,13.792624020375728,55.600289670098121,65.179100425341716,39.545223606892726,6.2548557403905312,6.2548557403905312,95.926722644129086,19.366530380822045,2.266979227197861,36.708171004738787,0,8.6116480142109033,47.804454529918409,50.458531025547359,30.946992591857367,4.1173515521434654,58.084416024147288,25.132353313711953
12.720567013394293,39.9292554061267,12.720567013394293,12.720567013394293,41.981909681763376,33.654741309489246,12.720567013394293,39.9292554061267,154.40501224122869,29.404851369826453,35.762959618869509,20.897233775989907,76.876714921712875,7.1762994550628534,3.9852637330990475,29.404851369826453,12.720567013394293,12.720567013394293,39.9292554061267,53.751669195758183,131.77233790623262,10.795284445587871,37.855432067444255,53.751669195758183
32.593568288311154,44.395929023416237,6.6528544874308047,23.499831846932814,72.205200985813534,87.694460936239707,14.626062671581723,55.39470688211042,72.205200985813534,47.232583754762793,11.823013754793232,55.39470688211042,99.854826238171455,0.86201909363128348,2.4150883971700599,52.734853152645528,23.499831846932814,2.4150883971700599,52.734853152645528,57.991132301074686,128.16627936408773,9.1509655663807035,60.522982296361747,123.17388898073526
11.935041140354748,156.52609708273346,3.5323878804494888,19.386630495758865,69.440930729927373,7.4176063348232306,16.841870783202307,49.972957780504359,78.585408371017948,49.972957780504359,7.4176063348232306,7.4176063348232306,90.969027361638751,16.841870783202307,5.3763592458297413,37.597061865677375,16.841870783202307,11.935041140354748,40.14390293609874,27.194582767765258,24.576148900189487,19.386630495758865,49.972957780504359,32.426177056926299
18.770978460936092,60.173719299999746,22.369383592966596,47.366724699267863,63.144520387236959,26.010668168891499,8.6684774152430286,98.924191939559975,53.950566292096831,43.950315177748919,15.254147946940884,18.770978460936092,109.15071442781573,1.1357701188517577,83.596339276524049,57.108630079557329,0,18.770978460936092,76.594310027403694,43.950315177748919,113.96903290260293,18.770978460936092,74.087669210362321,50.70198313876346
62.121345115908788,36.485810216849792,44.528626007673324,5.0346095608180796,36.485810216849792,71.096635564378147,33.188221059966665,0,76.928977780160778,50.688131351413134,44.528626007673324,99.096836393271289,56.55913629345357,28.19347691759511,36.485810216849792,60.760306115198439,53.661336086828506,16.642358198744748,29.862310164206761,21.534454992465957,143.9687222399796,41.352033109790924,71.096635564378147,107.28713197150557
12.753165223791635,77.276507280043546,3.4240215964973175,20.105450807365855,100.32898793467052,6.1829223161010116,23.917832075201545,79.79633989626403,50.038478750222325,60.049375232793373,9.3305670435493973,1.2270349111424093,114.41276008105656,23.917832075201545,3.4240215964973175,60.049375232793373,0,6.1829223161010116,120.74970972737229,56.814324763298345,35.419561506123564,12.753165223791635,82.222154056419498,93.04735305975629
20.20600663099659,93.277868530088824,9.3807220510783207,39.355003325535613,97.054391164360595,16.450563177478415,27.893589770673898,80.030540867400305,46.695590432252502,84.791178050347412,12.820202730537261,9.3807220510783207,116.86548551633399,24.034292442163846,3.4431291372436155,60.266613587828473,24.034292442163846,27.893589770673898,27.893589770673898,63.401594369737758,50.236836637960991,9.3807220510783207,95.202441303815021,46.695590432252502
7.5587184700744405,75.420918607989364,10.374690627989642,42.6544708812742,85.914019468382577,48.855352345951303,26.31834535783792,73.109161534867468,57.631631504438587,83.951369815448857,4.9896437732593713,138.05652505179739,112.14506082147287,19.726936330046296,4.9896437732593713,51.8544311851347,16.504416134873296,7.5587184700744405,13.373400128725427,32.943589898544239,42.6544708812742,16.504416134873296,83.951369815448857,13.373400128725427
23.516538588757285,81.40708777412992,6.0663905957004918,42.260318200259199,94.175806350940064,81.40708777412992,38.597574755846395,81.40708777412992,42.260318200259199,94.175806350940064,34.87299219183835,1.2032009102292101,118.11930652591285,9.1581314936857385,3.3583882891947794,65.423574355317129,0,23.516538588757285,34.87299219183835,56.080490223144679,38.597574755846395,3.3583882891947794,85.990369870875767,49.352238876019726
16.962686465633777,71.956724270677242,5.1392541637926179,141.4362112296993,83.179887995288965,16.962686465633777,13.752784649198144,74.352185556068321,49.90998250485336,90.895213627390731,10.674995124503624,0,114.28328856550561,26.999568520999549,5.1392541637926179,58.779833435857078,20.262475405251131,26.999568520999549,16.962686465633777,46.8021597391092,46.8021597391092,7.7816142691955932,76.670452964413343,10.674995124503624
5.9300719432841147,60.734241367360056,8.1707864801255958,37.904585135212187,69.499764221032081,8.1707864801255958,13.108761830558713,56.018069778560609,155.83443939591456,69.499764221032081,0.76532648363505651,0,97.758637774119194,26.775561863826017,3.9008304524468143,45.946654595567232,0,13.108761830558713,21.191701944723505,29.578969151411307,32.374374681904371,13.108761830558713,71.553120275017974,29.578969151411307
25.560759253252044,87.773721582530413,6.6651828327206504,29.613676009897965,87.773721582530413,29.613676009897965,45.410920972451464,87.773721582530413,6.6651828327206504,83.018951254824188,6.6651828327206504,0,121.33464881602714,25.560759253252044,10.04281505939225,77.864608176611966,17.55535585632218,29.613676009897965,41.56758942516359,63.064770780844519,49.15940304195184,10.04281505939225,92.1579604013004,21.526460758627664
27.936293514641228,155.35583326623129,4.0993419459450031,42.20244017690208,60.337068090984957,33.71861004728261,8.5750278065055863,75.63138111276642,22.149159212598605,67.244914910520222,8.5750278065055863,0,106.87207829993767,11.09087209845735,4.0993419459450031,47.651953534838981,0.80507100254923813,0,25.036727379423915,39.410210225159396,16.477853650195609,11.09087209845735,75.63138111276642,22.149159212598605
35.65744049247381,63.512809026354802,9.4059498794479435,57.13253910823007,84.908556239638784,31.823461100897912,46.790996729380822,93.393315567566901,50.336399752157369,87.154540839178111,24.092827365770262,0,121.02542397215399,31.823461100897912,3.4527431238664787,63.512809026354802,0,27.959659640637604,43.155829728033609,57.13253910823007,50.336399752157369,1.2374687208075879,95.317104722543704,24.092827365770262
18.375906126286562,25.849052001899995,38.33590393995344,61.042852846450501,58.960114541446067,63.080731168369866,30.879801413731297,3.3293277348478951,54.66141295008984,70.78436233231578,67.021738806250809,58.960114541446067,98.631025167449678,20.843333656469934,20.843333656469934,28.365792305472251,0,20.843333656469934,28.365792305472251,40.774212525413041,148.0021305983272,56.832798197997818,84.135294257637156,9.0817046901329661
26.209757494137474,73.493597957225077,6.8580108338748902,18.027372086450683,97.390753332104651,38.512772797249639,26.209757494137474,88.994177813992493,30.343186412604677,101.09907140951027,6.8580108338748902,0,123.23518030973349,30.343186412604677,0,76.347431555772133,0,38.512772797249639,14.082023586320938,42.499136539358311,53.877545453682593,18.027372086450683,84.245416537732837,42.499136539358311
41.844195785157311,41.844195785157311,0,69.682721059604233,115.07085053832472,1.3376950962294318,13.815620646358548,85.810088645099981,56.668627244556014,90.373263805668742,13.815620646358548,37.900258147188033,120.62286119318001,25.753073653470981,10.126854667974582,63.410938214429592,1.3376950962294318,3.7283065316770307,37.900258147188033,45.703632594727175,29.829960411309273,33.888308510936895,80.859440313350504,21.693144038318813
46.798082426481685,26.475802401477679,0,34.782314607836625,106.58244117649146,10.443943701231042,14.237593078451503,79.583404982272697,67.915491240480407,89.486616123155372,3.8500266782237089,50.612608225287239,122.66221194570228,22.320199004465312,10.443943701231042,71.009593717715234,0,6.9374424640771561,54.314528637960628,64.699449165449934,30.641924958269371,22.320199004465312,87.1632318557715,10.443943701231042
18.567778098846695,22.732588895006241,0,68.764299462535618,104.12488897462794,10.653290544477548,7.0797217949489921,94.70917438894223,71.868445848713165,96.752761985374335,1.4113978479349265,10.653290544477548,122.35533953045675,22.732588895006241,7.0797217949489921,68.764299462535618,10.653290544477548,0,35.367880296018839,65.535195605698348,14.515840969442433,31.174473896792438,88.034464499662604,35.367880296018839
33.098167763256654,15.530872886954025,1.5193426725615176,71.763697240119342,106.95252734239367,11.41872505505717,4.2261960647448955,86.154989926547742,88.671693242524157,86.154989926547742,4.2261960647448955,15.530872886954025,120.55545299123854,11.41872505505717,4.2261960647448955,65.086136731275843,4.2261960647448955,1.5193426725615176,68.493991136945866,54.025986607314969,0,41.779364698355394,83.523955294702859,4.2261960647448955
22.792370528966202,22.792370528966202,0,62.2977962643212,98.833141106087595,3.9422677098921275,3.9422677098921275,96.87465198941085,121.4468236111709,80.582788884593484,3.9422677098921275,0,123.42090251063755,14.5562252554725,18.618040528653808,68.886519753192204,0,1.4156674474772581,31.251579117064736,43.653469928713072,7.1003943055568843,31.251579117064736,90.478630003903277,22.792370528966202
61.709938882962739,30.868628220869798,0,58.239164650368899,101.92236669978446,10.532927675125102,0,87.535663427640799,85.11427401426522,87.535663427640799,0,10.532927675125102,120.95818005638687,18.368637571576205,1.3945082164381974,79.956718645113298,1.3945082164381974,1.3945082164381974,50.931055473922697,58.239164650368899,26.677802866544109,35.031663474642961,92.083897579475476,14.355897253315035
48.452816966566672,110.14218513049299,0,44.737405508106463,97.284003814355771,6.5349254584464518,29.117411950510256,86.928611842038393,71.449598679412631,74.28849784688623,9.8506554516933686,1.2991999604085402,120.67132392957987,21.144555509001666,0,71.449598679412631,3.6225389902211385,33.102558887485145,25.119811991136313,52.068673584172629,13.447549917746315,13.447549917746315,100.88288965191394,3.6225389902211385
36.402724679447239,15.011217275056437,0,40.620125866055801,96.191916962125717,7.3336958349271386,40.620125866055801,98.222790921352143,63.614071163586502,76.359517692657789,36.402724679447239,0,124.46353398990573,15.011217275056437,1.4639145320045539,76.359517692657789,0,0,27.791826380327787,76.359517692657789,36.402724679447239,27.791826380327787,98.222790921352143,11.026509741291209
64.411043854736135,32.416679443831669,6.372925358826941,47.563576586263956,92.327550680699105,9.6114442639671491,6.372925358826941,88.096890734127584,85.85340427442253,75.947879629417329,6.372925358826941,0,119.81929486336674,32.416679443831669,16.836358115586307,64.411043854736135,0,24.568524457208397,16.836358115586307,61.256243624087972,92.327550680699105,43.890674021911607,85.85340427442253,6.372925358826941
36.053362085876934,44.345618309634759,0,63.131763160199121,105.06294083398475,1.4460944733147021,0,81.46736621857076,55.992428165994333,63.131763160199121,14.843455634285093,7.2475902374479046,125.00981879821306,14.843455634285093,10.900043948975176,75.852873563863255,7.2475902374479046,23.217039836650606,36.053362085876934,44.345618309634759,36.053362085876934,36.053362085876934,95.695746440036686,36.053362085876934
22.461485872476082,102.03797868153795,67.612976661798783,18.850222974400868,54.123356931261192,108.01686332752359,40.016085997168524,12.474665944812239,75.546819711387371,51.417701071090605,80.773901160616276,107.79416996131339,14.169423045737958,10.824243048385011,83.423098029750832,13.600065388254372,94.191285462042458,82.301505016487184,27.33662273980347,53.5872402796792,99.112465745227567,62.840855475902039,38.831709688193776,75.546819711387371
12.836851676399434,120.55388178941311,68.12436083263421,13.830411803669291,76.561462486770552,107.88787642796008,34.981748424289464,16.884032556053725,53.165372337569607,63.113323025763599,46.343345795959188,95.676728194403182,26.422583618979726,18.967367421245655,109.79742792671726,17.921752688491537,83.433220106805479,75.833483796294018,40.228559655744704,36.040033028121506,63.113323025763599,70.520367156677025,55.974927505008345,50.286020314987894
26.928433705122966,92.399502755334595,101.93416114995492,60.885526720144284,70.856891793274158,99.846494838986885,39.147603732059913,12.329703505846965,49.263491765287554,61.761262404983299,99.846494838986885,97.407406429920826,5.9690684959894389,11.842734599761666,72.788341580248016,16.863130295142426,89.551755042545551,92.121557555285975,16.863130295142426,43.269891569647839,94.0362436390798,48.281890848775589,17.380365815166329,82.391571634219289
7.8381863674853047,128.68297447245914,40.113306583928967,51.823117537035493,68.224405632706521,102.74716580308447,28.742925042509938,11.451748031512683,85.059268455833418,77.854479280443911,48.024452001148113,81.886328611712429,26.647964731710175,84.437868829210913,60.802640736398061,21.431747568120734,116.17320007841957,77.854479280443911,37.055262111052635,33.9591702337013,30.835147704476793,67.430786418444981,29.789657188860634,10.519773668389709
12.543833411920781,99.253528235084303,56.006295369044608,44.824863555638785,88.045296362755451,122.64455030618502,32.794735567560025,12.543833411920781,55.292475270786014,51.653551696657509,68.655751302189486,75.755553481527514,23.71822837710339,10.319843794400668,75.189413192472742,15.631419819716399,96.188202844496672,68.033434074696117,29.499432265317125,104.81740820878781,74.618709403047617,53.122944193486781,31.97280558375822,76.317155089309452
19.161617523262695,119.28388565713622,78.468616179708832,10.058823846460367,70.193970865846708,116.01645527048755,32.083165205492975,14.993359179367006,83.908333845468064,67.769131595184149,47.729548575980459,91.235751583159868,29.925149958564528,29.925149958564528,105.90138322625322,20.223305213232369,92.367033400789794,74.825345548368176,43.682959942370083,34.231254673255336,40.580044727053746,62.696756406016064,29.925149958564528,27.761578039868773
12.482541778349283,101.76955825498545,94.752786587466105,32.811568490607833,52.48021659712694,124.97696553556108,25.606528882301941,13.311900380650293,53.278721377663473,62.42254110682223,65.286866120706406,98.599789408323801,30.115629285779644,13.311900380650293,101.76955825498545,17.588598987315407,90.096927195513643,69.410806336409294,33.706676932529973,75.215626354252834,78.839767804554882,57.953059294855159,22.908358390997677,24.705673724410506
15.65076973329294,111.44702287683475,77.483009038841161,39.335295823603737,65.550081819127328,120.912260045886,47.184968848448889,11.807516092921047,67.46081625833402,46.417189513241567,43.306214322847929,79.114271298339602,13.320790162435024,19.652571580023636,92.117565750261306,18.842968474502239,81.745765771417211,72.345303396518801,40.933833627340469,29.53255500194409,114.08494088650137,62.268604552486224,10.333073439473525,76.373216597061983
22.532448972768567,105.12938582450559,87.723615490986049,74.904497436772601,44.705121544963802,111.74895350104154,44.705121544963802,9.0275847144605237,63.199651651929706,42.111429989463787,73.954367368414211,96.248933684118441,12.660189650564377,17.169436885507722,92.865710406347688,17.830419351483901,92.160926983517555,85.764456744874437,22.532448972768567,78.132140737521652,103.77014415235125,49.762525637560607,6.2416541558668426,23.211801740694913
11.163944668028678,122.99822150741198,29.128415706199114,28.100089215016652,48.991441862498505,105.0422487574489,25.01547368109248,29.128415706199114,122.76237361819794,30.155875243336709,41.275236994010363,96.602102364915808,21.944590890453846,5.2309294976325384,38.289370158646342,34.24732953322205,118.4175111280008,30.155875243336709,36.276014799808067,58.035684350719414,118.4175111280008,7.6366817342784152,19.914531606218706,65.54689141975706
7.07524955312822,114.76037829099344,9.7222295187323891,31.157784096559968,60.429127974938545,65.509115053580601,7.07524955312822,52.279784450496692,57.78248849814149,67.94242333097678,0,43.53456874869844,90.327126185260781,31.157784096559968,83.062904083573756,57.78248849814149,118.36255594625257,21.67188682931765,40.503714896881178,67.94242333097678,57.78248849814149,4.6656278413864571,60.429127974938545,34.306135874549256
31.985496820617733,125.2990441178347,52.784366340952054,26.013597554663349,43.640242690461392,94.1980729118836,25.018086365320176,13.388568232991467,96.147013043889757,36.910487494620277,75.471432516198988,93.194172286993265,24.023981053287589,5.7366973548939235,38.856167510901749,29.002854161187397,121.25245161698783,85.577495231458172,21.056504839348488,53.66377498153107,115.37547132126794,14.316950896001556,29.002854161187397,37.88536791264967
10.533649337864988,138.42050623379805,3.0976541944660663,67.828087402465883,52.006808145858621,43.169930134666913,19.540236481035738,49.851085645593116,119.60436172015858,47.658572639331872,4.7213222980732361,17.208654433801215,86.857183411396491,31.46765383826699,12.68999155645176,38.558351716177505,136.74789183680727,19.540236481035738,47.658572639331872,33.848817615806027,12.68999155645176,3.0976541944660663,60.240478542478769,6.5240355721693781
23.560799377517501,76.55517344270946,7.3671867122700236,54.751654903463937,80.81402059601696,129.27665068054537,13.046738696189719,38.662463352173418,82.173732383515969,38.662463352173418,19.264800009688667,30.07434014155724,56.627650721226281,21.403596958761646,17.152633050388111,36.538201468121052,126.41148261692359,17.152633050388111,46.93210301432859,104.86826769471851,80.81402059601696,1.4708498743883536,40.766322579688882,62.057457161804756
10.817525488637511,110.00996923892497,8.3603187759099704,44.082331966057012,72.532911021746159,88.706032065818334,18.839133100884499,51.940165376239172,112.84152465924367,54.455117859090109,6.0696394762147223,38.614013000599329,83.765036391872954,35.824690007895974,74.537720576413903,54.455117859090109,102.4388669157054,16.085615098426295,66.182717252723691,35.824690007895974,49.371468392796245,16.085615098426295,59.317774871466867,6.0696394762147223
8.8487271935521861,69.675847917784282,35.105333498322274,53.661581086204443,57.922930404965172,132.57960451364571,27.726081007345702,53.661581086204443,57.922930404965172,57.922930404965172,0.63375447205241908,49.235277572588735,81.474098196271001,22.792988921104726,62.01345136168068,39.936456846267042,124.50997343277815,17.931921172336079,44.654647640206626,67.824826736081633,71.484359492228947,4.9372890898522828,53.661581086204443,8.8487271935521861
17.72709285242475,132.07984076885046,12.762432819786543,62.08414260040167,45.224402237374548,105.41290206143451,8.1550767499519221,33.364669568854637,108.04274976615208,24.631990346391493,4.1328067405515529,43.574285209309771,56.244189393479807,19.432312168939333,38.528037352895183,33.364669568854637,94.660513839016872,17.72709285242475,45.224402237374548,41.907463412261407,133.14232202016083,4.1328067405515529,31.625030939992477,67.577364541420465
27.535584555797382,130.6386572675558,27.535584555797382,67.061700853247075,43.132694758029345,118.95865516417309,8.6201309230651617,22.255501694824801,109.28296150342187,20.94588015979302,6.4673515413191742,58.568964062298058,46.86111684627938,8.6201309230651617,32.817157292383442,34.129398124949567,112.82554924400232,35.436551712328992,23.57082349172185,71.968642241640012,128.31579859625015,3.5843991984861998,34.129398124949567,18.350765698405962
19.638461361953901,141.87210809182304,17.296552582856307,54.331606543776552,50.049251401811418,82.827006300243681,17.296552582856307,60.458259710619977,129.49873588188282,56.414128814002233,0,56.414128814002233,82.827006300243681,24.403803531938028,4.7474866921745003,54.331606543776552,10.589896000189842,10.589896000189842,45.618421814208261,31.612805057466325,71.609784207135107,36.375004113276098,22.011160038606125,43.351536120646969
53.66068981250131,81.473083011449205,10.269221780024774,38.336424639829495,81.473083011449205,14.005156294518224,46.19696160602723,73.249833283963653,53.66068981250131,93.123076311225063,0,1.3575840256155629,116.77281613989039,53.66068981250131,6.8187944591391467,57.223540365350416,0,21.975042506141875,49.983209108589506,67.197323736826732,42.310640859774892,21.975042506141875,53.66068981250131,53.66068981250131
50.179741092312376,131.95300188813343,46.242040373200091,55.862479902056947,50.179741092312376,38.054802061372129,29.570066176271713,38.054802061372129,61.260391029421349,71.179869866554142,33.837875743052372,57.694012513811224,69.607299637967003,18.916364951707084,14.796044156905023,71.179869866554142,38.054802061372129,27.426953845884366,27.426953845884366,29.570066176271713,126.66182169920815,42.19579980074711,62.994820979273349,48.225150081668197
43.84979960971399,69.131681331394731,7.1420037681117057,14.637476762727815,78.088101577769621,10.744871035989627,27.157496894352775,100.95084685455519,62.534765667736643,85.991491668084123,7.1420037681117057,3.9658348667492582,113.48147847419996,59.044119099436024,1.4242639774633596,59.044119099436024,0,35.622883762356338,51.683900172117752,51.683900172117752,14.637476762727815,31.406567849959938,83.467673129063513,43.84979960971399
40.75223591740005,71.213307120375191,9.7967449781967257,36.880398006251383,79.405796665715769,81.930214577790807,28.977752635096611,84.356673592407347,51.860945003672988,91.082529595388678,3.6019223155250844,13.375651504666767,117.33498110114198,36.880398006251383,1.2917000877567661,71.213307120375191,0,36.880398006251383,62.039687391546416,17.145579900823627,9.7967449781967257,32.94841995002065,76.780159778698291,40.75223591740005
29.187594226671848,59.08925360891466,13.483710692503802,21.198518641987306,91.439774107672335,6.5533018005641477,44.832815073479516,68.617812218133267,74.407937067872737,82.291525865394419,0,6.5533018005641477,114.14293778460511,59.08925360891466,21.198518641987306,74.407937067872737,0,33.180001163136382,79.766665283440886,55.686410350484621,9.8777744966951389,29.187594226671848,89.288355084763765,33.180001163136382
33.335635291295475,68.852847729761393,25.307466098039644,37.300769824494139,84.959343907730926,82.533291166700465,9.9323428093713542,77.380640131629875,48.754024238328441,80.008188406032488,0,17.371508949705397,117.82900984163894,52.382256093505141,3.6537954880950725,84.959343907730926,0,33.335635291295475,45.024438672230424,13.556458578037699,37.300769824494139,21.307036498633213,89.528425379484645,21.307036498633213
70.464953052117224,67.663179318946561,12.329788191336641,26.928600974669902,78.291819623233877,45.295028901648386,19.469206789522865,83.05012050923176,61.761549258187145,83.05012050923176,3.3036312228125699,19.469206789522865,116.50189006343331,48.773850296565293,1.1833259963836944,67.663179318946561,0,23.180244580978883,61.761549258187145,26.928600974669902,64.762311221576525,34.413798937888146,89.552059007528655,30.681818978257166
67.749117539822478,74.625102780556119,9.6780512206026525,43.379669001492857,76.781514424684659,125.00093681399383,18.477355240847537,65.318073237545761,82.863306809153258,43.379669001492857,0,18.477355240847537,100.83406623500838,43.379669001492857,0.91447188546530878,74.625102780556119,0,21.580955439219185,65.318073237545761,52.107116937485031,80.899059448798084,24.722292413482222,72.401697672275176,24.722292413482222
21.198518641987306,87.048871616953576,17.280624453297794,74.407937067872737,74.407937067872737,37.131844409917363,33.180001163136382,59.08925360891466,100.99748047009516,82.291525865394419,6.5533018005641477,37.131844409917363,102.69238922851702,44.832815073479516,3.6329133967630787,62.379150539681568,29.187594226671848,1.3029743960362046,25.182144449768249,25.182144449768249,33.180001163136382,17.280624453297794,74.407937067872737,55.686410350484621
19.4489564699475,82.618333670760407,4.1367190011781094,41.09805414186841,85.250689928372097,4.1367190011781094,36.845731386372577,70.874667089360685,87.770383554949774,106.12375293781828,1.4866452045083753,23.779321517641023,110.83487544175256,32.521061280743922,1.4866452045083753,60.693788852740177,23.779321517641023,0,53.231240707539627,49.304423745309812,23.779321517641023,4.1367190011781094,70.874667089360685,36.845731386372577
14.927002162911835,91.605748084075685,10.963015456455324,56.220864791548969,81.721818145414247,14.927002162911835,31.957286099185918,76.105766361589858,76.105766361589858,103.58176196732394,0,27.649127662056419,112.8963654678445,40.430968649660457,1.4549644987370169,48.556337113693111,0,10.963015456455324,52.450584203776899,27.649127662056419,23.340391132911282,1.4549644987370169,86.876918627330667,44.545956124327546
10.326986773222348,81.719839369619166,22.08925332864964,60.897868446185484,86.668904769495498,18.027372086450683,38.512772797249639,79.088386658079799,64.227397054586959,101.09907140951027,22.08925332864964,26.209757494137474,111.96826182907589,50.191902790988543,6.8580108338748902,42.499136539358311,0,0,76.347431555772133,34.453561102087882,38.512772797249639,6.8580108338748902,76.347431555772133,18.027372086450683
7.1003943055568843,80.582788884593484,10.68369180439657,62.2977962643212,77.836966030793377,27.019236029368873,39.593827054556563,68.886519753192204,71.99205604136317,83.215801823923599,22.792370528966202,47.615263912584453,114.57107877803752,51.46739570331178,7.1003943055568843,51.46739570331178,10.68369180439657,0,51.46739570331178,51.46739570331178,27.019236029368873,0,85.740013398692113,22.792370528966202
27.649127662056419,63.372393535596622,7.2904591464974056,81.721818145414247,78.973492470713225,10.963015456455324,36.227486543088126,63.372393535596622,81.721818145414247,89.292403392030394,4.0499634548198031,52.450584203776899,123.31792568025546,14.927002162911835,4.0499634548198031,63.372393535596622,0,0,23.340391132911282,48.556337113693111,36.227486543088126,1.4549644987370169,91.605748084075685,23.340391132911282
7.0386390680504256,65.295155912785589,3.9073003828921005,65.295155912785589,94.463761963363737,14.435551822780827,43.361100664445594,80.206566199082303,65.295155912785589,102.15840074255362,22.613681363483433,18.467827562391676,111.57753649576358,39.319837075422889,14.435551822780827,65.295155912785589,39.319837075422889,7.0386390680504256,26.813657075786981,39.319837075422889,35.199233345228507,1.4029154778948263,74.601363851877295,18.467827562391676
40.810431368421924,67.243603700106647,11.090531612822952,84.865714364897968,79.483878980289873,7.3773038789494674,19.28925652381729,73.619753383775361,73.619753383775361,96.440705222482251,0,11.090531612822952,94.322496478621986,36.579082458763068,0,63.856796358150696,19.28925652381729,15.096106737888025,52.894954823283584,56.681091317727514,23.589826845309716,19.28925652381729,82.232987897195827,36.579082458763068
15.053577351174148,48.875204979904368,15.053577351174148,73.493181901630848,98.346000138486204,32.19728912013381,32.19728912013381,79.355980864488771,70.371885842753414,79.355980864488771,32.19728912013381,15.053577351174148,113.22690542182809,36.49076324281237,15.053577351174148,63.735302800874749,0,11.058454427011068,40.715134751265602,48.875204979904368,19.23642993856544,1.4684198149067342,73.493181901630848,32.19728912013381
26.677802866544109,61.709938882962739,6.9979032243667358,50.931055473922697,94.218851119854762,10.532927675125102,30.868628220869798,85.11427401426522,61.709938882962739,74.353666033706332,3.8842414083535131,1.3945082164381974,120.95818005638687,26.677802866544109,3.8842414083535131,65.056120450293562,1.3945082164381974,18.368637571576205,58.239164650368899,50.931055473922697,47.10241212601386,22.495642618882751,87.535663427640799,43.167597409013304
