overlap,regime,load,family,pair,subsequent_pairs,subsequent_presentations,retention,forgetting,forgetting_lower95,forgetting_upper95
2,per_pair,2,native4,0,1,128,0.9604923951452327,0.033026926934610325,0.011234142095323358,0.06201083864404965
2,per_pair,2,native4,1,0,0,0.9908526357505287,0.0,0.0,0.0
2,per_pair,2,native6,0,1,128,0.9882683473929235,0.006852303200381948,0.0014459252879904757,0.013535392329854996
2,per_pair,2,native6,1,0,0,0.9866027145171725,0.0,0.0,0.0
2,per_pair,2,direct,0,1,128,0.9899152464325773,0.006096775806283948,-0.0005239219383773653,0.01619370314932561
2,per_pair,2,direct,1,0,0,0.9869930738087148,0.0,0.0,0.0
2,per_pair,2,random4,0,1,128,0.9654378730075887,0.025351407120980284,0.009217799431366799,0.04628825095713224
2,per_pair,2,random4,1,0,0,0.9791569415084054,0.0,0.0,0.0
2,per_pair,2,random6,0,1,128,0.9812177016837313,0.01254080784632642,0.0034213844264680614,0.024190879300135228
2,per_pair,2,random6,1,0,0,0.9837738942212367,0.0,0.0,0.0
2,per_pair,2,oracle,0,1,128,0.9973465845394878,0.0,0.0,0.0
2,per_pair,2,oracle,1,0,0,0.9955452882275917,0.0,0.0,0.0
2,per_pair,4,native4,0,3,384,0.8083527104508268,0.1851666116290163,0.1062871535621558,0.2725744530773908
2,per_pair,4,native4,1,2,256,0.9044157684463079,0.0864368673042207,0.022761078311349374,0.16465973773850195
2,per_pair,4,native4,2,1,128,0.9719788758459234,0.023057031571249734,0.0032521861161245204,0.0551102306925654
2,per_pair,4,native4,3,0,0,0.9878324418717472,0.0,0.0,0.0
2,per_pair,4,native6,0,3,384,0.907275943365812,0.08784470722749357,0.027891483438087276,0.16324427082023585
2,per_pair,4,native6,1,2,256,0.9565475427458883,0.03005517177128436,-0.00680349810680512,0.07896496620785869
2,per_pair,4,native6,2,1,128,0.9931602868718742,0.0020754816300245227,6.974140762469579e-05,0.004402418257085347
2,per_pair,4,native6,3,0,0,0.9893087410511086,0.0,0.0,0.0
2,per_pair,4,direct,0,3,384,0.9604601109364539,0.03555191130240741,0.004223863792441613,0.08868221169585741
2,per_pair,4,direct,1,2,256,0.987963747221428,-0.0009706734127132334,-0.022316517298643267,0.014208162110674867
2,per_pair,4,direct,2,1,128,0.9892535340546451,0.0059801617211850365,0.0012639984818545128,0.011939333727598584
2,per_pair,4,direct,3,0,0,0.9905743281538818,0.0,0.0,0.0
2,per_pair,4,random4,0,3,384,0.8427817138125924,0.1480075663159767,0.09043062900675185,0.21289163177388404
2,per_pair,4,random4,1,2,256,0.9147492351119519,0.06440770639645343,0.022274023756068868,0.10869626200154335
2,per_pair,4,random4,2,1,128,0.9375597172740763,0.05434968493751623,0.01978787075175014,0.1044334648831735
2,per_pair,4,random4,3,0,0,0.9910115541933631,0.0,0.0,0.0
2,per_pair,4,random6,0,3,384,0.9027653472325466,0.09099316229751105,0.03553954799192392,0.16229603076554389
2,per_pair,4,random6,1,2,256,0.9513204311034241,0.032453463117812636,0.006439546315809047,0.06390936751625576
2,per_pair,4,random6,2,1,128,0.9707929229878411,0.02462752934987824,0.00956601742178777,0.04453269934538979
2,per_pair,4,random6,3,0,0,0.9914810659887376,0.0,0.0,0.0
2,per_pair,4,oracle,0,3,384,0.9973465845394878,0.0,0.0,0.0
2,per_pair,4,oracle,1,2,256,0.9955452882275917,0.0,0.0,0.0
2,per_pair,4,oracle,2,1,128,0.9986349163568365,0.0,0.0,0.0
2,per_pair,4,oracle,3,0,0,0.9957413439434486,0.0,0.0,0.0
2,per_pair,8,native4,0,7,896,0.6636742420412507,0.32984508003859236,0.23186798698492245,0.4328326471476739
2,per_pair,8,native4,1,6,768,0.7334007392259447,0.25745189652458395,0.15986937535118298,0.36503005890091483
2,per_pair,8,native4,2,5,640,0.7529702679563275,0.2420656394608457,0.1422619108181534,0.35252970842335324
2,per_pair,8,native4,3,4,512,0.7161258385476654,0.2717066033240818,0.15019331550902643,0.4022630635883316
2,per_pair,8,native4,4,3,384,0.8421657516435552,0.1531517875652044,0.06947955615536087,0.2522733782513402
2,per_pair,8,native4,5,2,256,0.8878098856242,0.10545437095228061,0.041567441072818075,0.18208209578928428
2,per_pair,8,native4,6,1,128,0.9628785853503351,0.022485439674953974,-0.004624995048855341,0.06432773984528443
2,per_pair,8,native4,7,0,0,0.9841118547886291,0.0,0.0,0.0
2,per_pair,8,native6,0,7,896,0.8654824983915647,0.12963815220174082,0.05933520039832621,0.2174063591120071
2,per_pair,8,native6,1,6,768,0.8583098867533456,0.12829282776382692,0.06102917246926488,0.2091669661539153
2,per_pair,8,native6,2,5,640,0.8873650849334582,0.10787068356844047,0.042507963980650314,0.186397175037837
2,per_pair,8,native6,3,4,512,0.8281915960560144,0.16111714499509414,0.06354125007741797,0.2741898329431652
2,per_pair,8,native6,4,3,384,0.8905660725017299,0.10434289722632877,0.03012072174728261,0.19631792410920176
2,per_pair,8,native6,5,2,256,0.9245255016125562,0.0721963083998562,0.0236343838552246,0.13423748882704845
2,per_pair,8,native6,6,1,128,0.9858129462212449,0.00605003843953723,-0.000658801149587493,0.014018580853194107
2,per_pair,8,native6,7,0,0,0.9930755833460472,0.0,0.0,0.0
2,per_pair,8,direct,0,7,896,0.9319013822575835,0.06411063998127779,0.020072315935313032,0.13263399665169562
2,per_pair,8,direct,1,6,768,0.9203153126119956,0.06667776119671909,0.018412286447104305,0.12892376849389167
2,per_pair,8,direct,2,5,640,0.985357953551194,0.009875742224636101,0.002427826366678778,0.019168842368054485
2,per_pair,8,direct,3,4,512,0.951176505536188,0.039397822617693715,0.01331089067883684,0.06974647166319324
2,per_pair,8,direct,4,3,384,0.9658462585877392,0.024313614184209086,0.009706768920797708,0.044749808686099325
2,per_pair,8,direct,5,2,256,0.9503230797644109,0.04670082864909598,0.010345161610092891,0.1041777861121693
2,per_pair,8,direct,6,1,128,0.9907756436215903,0.0037666935451179037,0.00032892683509178874,0.008226510409171772
2,per_pair,8,direct,7,0,0,0.9919510523941943,0.0,0.0,0.0
2,per_pair,8,random4,0,7,896,0.6306040072926815,0.3601852728358875,0.276480643312719,0.44889323426300765
2,per_pair,8,random4,1,6,768,0.7355549152620309,0.24360202624637453,0.18595902122742852,0.30274900705861163
2,per_pair,8,random4,2,5,640,0.7109311129091631,0.28097828930242935,0.20570088864573605,0.3633796322889442
2,per_pair,8,random4,3,4,512,0.7269090697826552,0.26410248441070794,0.17995706663865849,0.3539231491102049
2,per_pair,8,random4,4,3,384,0.795482040416027,0.1961995974383918,0.12202947133688485,0.2831819391486267
2,per_pair,8,random4,5,2,256,0.8291113047323584,0.1666943793424267,0.10704927534935241,0.23253226520224646
2,per_pair,8,random4,6,1,128,0.939946958333788,0.046567368524502786,0.02415694763792628,0.07297875094812285
2,per_pair,8,random4,7,0,0,0.9931947168483535,0.0,0.0,0.0
2,per_pair,8,random6,0,7,896,0.772313916574551,0.22144459295550672,0.1501099005364547,0.2990432309476436
2,per_pair,8,random6,1,6,768,0.8258881221851688,0.15788577203606793,0.10528269309403043,0.21402553996591456
2,per_pair,8,random6,2,5,640,0.8318384343782493,0.16358201795947003,0.10000764833376326,0.23471215708558807
2,per_pair,8,random6,3,4,512,0.8343778629927385,0.15710320299599909,0.09857458074664452,0.2215663404950379
2,per_pair,8,random6,4,3,384,0.8763454718307411,0.11487487244351362,0.0558743131908233,0.18771508801936
2,per_pair,8,random6,5,2,256,0.8818153923483183,0.11360681554453267,0.05827572061105437,0.18019399134186012
2,per_pair,8,random6,6,1,128,0.9684432976797047,0.02475494399274289,0.00529212210384958,0.052501980047847424
2,per_pair,8,random6,7,0,0,0.9883241314973954,0.0,0.0,0.0
2,per_pair,8,oracle,0,7,896,0.9973465845394878,0.0,0.0,0.0
2,per_pair,8,oracle,1,6,768,0.9955452882275917,0.0,0.0,0.0
2,per_pair,8,oracle,2,5,640,0.9986349163568365,0.0,0.0,0.0
2,per_pair,8,oracle,3,4,512,0.9957413439434486,0.0,0.0,0.0
2,per_pair,8,oracle,4,3,384,0.9974521279821247,0.0,0.0,0.0
2,per_pair,8,oracle,5,2,256,0.9975587761652774,0.0,0.0,0.0
2,per_pair,8,oracle,6,1,128,0.9977840513846055,0.0,0.0,0.0
2,per_pair,8,oracle,7,0,0,0.9964674974330643,0.0,0.0,0.0
2,per_pair,16,native4,0,15,1920,0.4172629182133921,0.5762564038664508,0.43711988567206905,0.7095514207812872
2,per_pair,16,native4,1,14,1792,0.6239618492194612,0.3668907865310674,0.25799434639463686,0.4821945612684643
2,per_pair,16,native4,2,13,1664,0.5895662929899259,0.4054696144272471,0.29117247359993415,0.5250533319347338
2,per_pair,16,native4,3,12,1536,0.5416979321506266,0.4461345097211207,0.314009343928711,0.580350985618603
2,per_pair,16,native4,4,11,1408,0.4975076456522334,0.4978098935565264,0.369652066689321,0.6236504530111991
2,per_pair,16,native4,5,10,1280,0.587217835601451,0.4060464209750297,0.29095555339185913,0.5240963825212923
2,per_pair,16,native4,6,9,1152,0.6674290798258053,0.3179349451994836,0.19931497093934522,0.44682022497010115
2,per_pair,16,native4,7,8,1024,0.6702328944953307,0.3138789602932982,0.18645166701558089,0.44803234818679766
2,per_pair,16,native4,8,7,896,0.687508654186193,0.30620633149584237,0.17941107979078422,0.44339236506671137
2,per_pair,16,native4,9,6,768,0.6770286566042931,0.31572221263466727,0.20004380233935376,0.44069047220827806
2,per_pair,16,native4,10,5,640,0.7865558590129731,0.20391721056300705,0.10883008635096002,0.313253655044487
2,per_pair,16,native4,11,4,512,0.8111838291449489,0.18299315035066577,0.09245395478362589,0.28708055976066393
2,per_pair,16,native4,12,3,384,0.8878068295924005,0.09672833033946555,0.02941935353137375,0.17776995179202487
2,per_pair,16,native4,13,2,256,0.8793979848637006,0.10983550029781257,0.045457754324545185,0.1879690142446203
2,per_pair,16,native4,14,1,128,0.9702148958057408,0.023438200896157512,0.0014683217016036325,0.06266175848064795
2,per_pair,16,native4,15,0,0,0.9821537726502271,0.0,0.0,0.0
2,per_pair,16,native6,0,15,1920,0.5746308949029233,0.4204897556903821,0.29355500865635753,0.550034343946764
2,per_pair,16,native6,1,14,1792,0.7562607204193046,0.23034199409786793,0.1298379692359216,0.3407620761941217
2,per_pair,16,native6,2,13,1664,0.6596782093270238,0.3355575591748749,0.20723935861278975,0.47035243133070614
2,per_pair,16,native6,3,12,1536,0.6765178592522463,0.3127908817988623,0.1906517898039158,0.44347959311911905
2,per_pair,16,native6,4,11,1408,0.6419176193458083,0.3529913503822503,0.23267770789450387,0.4786020824789315
2,per_pair,16,native6,5,10,1280,0.6770497508887157,0.3196720591236969,0.2156379341694034,0.4278169052040097
2,per_pair,16,native6,6,9,1152,0.7105591475392997,0.2813038371214825,0.17571367207661465,0.3980491846937597
2,per_pair,16,native6,7,8,1024,0.7747879958792878,0.21828758746675941,0.11289216810034332,0.3373385387924814
2,per_pair,16,native6,8,7,896,0.7549277028483685,0.23656670359725127,0.12434486126731972,0.3626092686376552
2,per_pair,16,native6,9,6,768,0.7869610314461061,0.19814166841264058,0.10640897643337976,0.30413993780907894
2,per_pair,16,native6,10,5,640,0.8618225702575489,0.1239419406477174,0.04237312499837414,0.22251067210536138
2,per_pair,16,native6,11,4,512,0.8666740917859943,0.12935880823581647,0.05033577661209849,0.22504540733809364
2,per_pair,16,native6,12,3,384,0.9491226851318911,0.04484806676593975,0.008619508126435737,0.09150410955554525
2,per_pair,16,native6,13,2,256,0.9616750154259135,0.029939216587401528,0.006748642783405811,0.06263429929940784
2,per_pair,16,native6,14,1,128,0.9949981388851991,-0.003171122473714278,-0.007858859556726647,6.35909284987628e-05
2,per_pair,16,native6,15,0,0,0.9534589420938434,0.0,0.0,0.0
2,per_pair,16,direct,0,15,1920,0.7353112202513137,0.2607008019875476,0.1450537326837547,0.387286028484352
2,per_pair,16,direct,1,14,1792,0.843526012353248,0.14346706145546684,0.07576467023710345,0.2240719224252699
2,per_pair,16,direct,2,13,1664,0.7902145101189428,0.2050191856568872,0.0996181802343931,0.3244642216262819
2,per_pair,16,direct,3,12,1536,0.7784344477459418,0.21213988040794002,0.11321120169691892,0.3199651817561457
2,per_pair,16,direct,4,11,1408,0.7859260959393556,0.20423377683259272,0.11505174950421795,0.30464801099334776
2,per_pair,16,direct,5,10,1280,0.8317038215771013,0.16532008683640556,0.07795824370397869,0.26692435444794715
2,per_pair,16,direct,6,9,1152,0.8440219402799798,0.15052039688672844,0.07770137288983758,0.23639980077058756
2,per_pair,16,direct,7,8,1024,0.8713428375670857,0.12060821482710875,0.044432577552953385,0.21441153863036067
2,per_pair,16,direct,8,7,896,0.7856905298917334,0.2089113402689838,0.10288533658895813,0.329037898845876
2,per_pair,16,direct,9,6,768,0.8638357463142445,0.12769180797431398,0.05248054454102352,0.21886877088166073
2,per_pair,16,direct,10,5,640,0.9596366730847079,0.03542767417083479,0.007681726652970761,0.0701466865121756
2,per_pair,16,direct,11,4,512,0.9485705537120146,0.046263348453909746,0.014196159831445034,0.08666746919085908
2,per_pair,16,direct,12,3,384,0.9485586225837177,0.021503118799542018,0.006290349671433484,0.041819822015044965
2,per_pair,16,direct,13,2,256,0.9676431898858651,0.02281741907644772,-0.0026018868713051355,0.06630411903804459
2,per_pair,16,direct,14,1,128,0.9861701228865829,0.008114662778988629,-0.0002648898623668638,0.020218707788267898
2,per_pair,16,direct,15,0,0,0.9898531563775683,0.0,0.0,0.0
2,per_pair,16,random4,0,15,1920,0.5685509169590565,0.42223836316951247,0.318376464605475,0.5287244877976832
2,per_pair,16,random4,1,14,1792,0.5384691358469001,0.4406878056615052,0.3496380376617385,0.5300214760697853
2,per_pair,16,random4,2,13,1664,0.5693033345344416,0.42260606767715087,0.32130131690783315,0.5239954723470501
2,per_pair,16,random4,3,12,1536,0.6303832991720191,0.36062825502134405,0.2686569906675495,0.4570013895161483
2,per_pair,16,random4,4,11,1408,0.5928611968953172,0.39882044095910163,0.3231913315244427,0.4726353743140921
2,per_pair,16,random4,5,10,1280,0.5937570933659172,0.40204859070886784,0.32078223155429275,0.4859085056606871
2,per_pair,16,random4,6,9,1152,0.5661391639279263,0.4203751629303645,0.3242205613714457,0.5204818606348476
2,per_pair,16,random4,7,8,1024,0.6784822491680731,0.31471246768028044,0.2330285959572418,0.3988957961992011
2,per_pair,16,random4,8,7,896,0.6255333382879329,0.35725941339029904,0.26262202884328784,0.4589986066508035
2,per_pair,16,random4,9,6,768,0.6859999794096892,0.30045713044986744,0.21260657174085343,0.3951483244363329
2,per_pair,16,random4,10,5,640,0.777296126921751,0.21278234089122652,0.1310014070974855,0.3075369830641715
2,per_pair,16,random4,11,4,512,0.7487546356475373,0.23575901451064424,0.15205019285177584,0.3290235289281283
2,per_pair,16,random4,12,3,384,0.7892042130701747,0.19801119572102927,0.11600016332637439,0.29181343304671237
2,per_pair,16,random4,13,2,256,0.8448484471505591,0.14394435401044248,0.08787469201305416,0.20507249800734914
2,per_pair,16,random4,14,1,128,0.9476217524819238,0.047386229849015915,0.014538567069081179,0.08875521404163349
2,per_pair,16,random4,15,0,0,0.978680547526253,0.0,0.0,0.0
2,per_pair,16,random6,0,15,1920,0.6226060770023276,0.37115243252773,0.2700076486756367,0.4764042299837008
2,per_pair,16,random6,1,14,1792,0.612313389419552,0.37146050480168474,0.284522540353097,0.45893346121305933
2,per_pair,16,random6,2,13,1664,0.6858980286885945,0.30952242364912486,0.22107957262176178,0.4046942185812795
2,per_pair,16,random6,3,12,1536,0.6710666899463195,0.3204143760424182,0.22616904283119288,0.4185909823138281
2,per_pair,16,random6,4,11,1408,0.6739224103090855,0.31729793396516914,0.22429933154709814,0.4135398630049722
2,per_pair,16,random6,5,10,1280,0.7100293540277484,0.28539285386510255,0.20544624864316574,0.36863226538669025
2,per_pair,16,random6,6,9,1152,0.6468370386146376,0.34636120305781004,0.26174367638454327,0.4349572998279414
2,per_pair,16,random6,7,8,1024,0.7587364636824068,0.22958766781498863,0.15088579216515374,0.31551396627661715
2,per_pair,16,random6,8,7,896,0.732532282608641,0.25628087597660837,0.16172891602226366,0.36356767210393554
2,per_pair,16,random6,9,6,768,0.7643946307631901,0.22476725123434002,0.14578597644128127,0.315731130173392
2,per_pair,16,random6,10,5,640,0.8621801575532132,0.13264288861451287,0.0629608285301808,0.21725046738344517
2,per_pair,16,random6,11,4,512,0.8389549480854628,0.1516284592498053,0.09573674808986604,0.21324583978957495
2,per_pair,16,random6,12,3,384,0.8643415276294031,0.12476608130141859,0.062535105728763,0.19927189576243728
2,per_pair,16,random6,13,2,256,0.9226984316900935,0.06867601287309093,0.037936298099612756,0.10436391903105346
2,per_pair,16,random6,14,1,128,0.9703984164677801,0.025265312343233867,0.003756783569517642,0.05214132682970352
2,per_pair,16,random6,15,0,0,0.9740107871137129,0.0,0.0,0.0
2,per_pair,16,oracle,0,15,1920,0.9973465845394878,0.0,0.0,0.0
2,per_pair,16,oracle,1,14,1792,0.9955452882275917,0.0,0.0,0.0
2,per_pair,16,oracle,2,13,1664,0.9986349163568365,0.0,0.0,0.0
2,per_pair,16,oracle,3,12,1536,0.9957413439434486,0.0,0.0,0.0
2,per_pair,16,oracle,4,11,1408,0.9974521279821247,0.0,0.0,0.0
2,per_pair,16,oracle,5,10,1280,0.9975587761652774,0.0,0.0,0.0
2,per_pair,16,oracle,6,9,1152,0.9977840513846055,0.0,0.0,0.0
2,per_pair,16,oracle,7,8,1024,0.9964674974330643,0.0,0.0,0.0
2,per_pair,16,oracle,8,7,896,0.997112331527519,0.0,0.0,0.0
2,per_pair,16,oracle,9,6,768,0.9969898324050894,0.0,0.0,0.0
2,per_pair,16,oracle,10,5,640,0.9974021079885705,0.0,0.0,0.0
2,per_pair,16,oracle,11,4,512,0.9971531066033595,0.0,0.0,0.0
2,per_pair,16,oracle,12,3,384,0.9879030318507681,0.0,0.0,0.0
2,per_pair,16,oracle,13,2,256,0.9969539880425858,0.0,0.0,0.0
2,per_pair,16,oracle,14,1,128,0.9982699224041169,0.0,0.0,0.0
2,per_pair,16,oracle,15,0,0,0.9945614354476775,0.0,0.0,0.0
2,total,2,native4,0,1,256,0.8902125951112427,0.08751230769987825,0.036142185590528404,0.1529856251993122
2,total,2,native4,1,0,0,0.9948956526778199,0.0,0.0,0.0
2,total,2,native6,0,1,256,0.9587599944112424,0.02975260191125035,0.007569633242648892,0.06858154846453994
2,total,2,native6,1,0,0,0.9982872102126321,0.0,0.0,0.0
2,total,2,direct,0,1,256,0.985714053461638,0.0025950438495617907,0.000633702546113689,0.005003177235196562
2,total,2,direct,1,0,0,0.9978488099048665,0.0,0.0,0.0
2,total,2,random4,0,1,256,0.9382040903699034,0.04130372848719634,0.016991579091305272,0.0706060925151601
2,total,2,random4,1,0,0,0.996782691183658,0.0,0.0,0.0
2,total,2,random6,0,1,256,0.9559304895373972,0.030504112172321074,0.009876795549017487,0.056194170109619045
2,total,2,random6,1,0,0,0.9974190904901106,0.0,0.0,0.0
2,total,2,oracle,0,1,256,0.9930598079224833,0.0,0.0,0.0
2,total,2,oracle,1,0,0,0.9989675210213167,0.0,0.0,0.0
2,total,4,native4,0,3,384,0.8083527104508268,0.1851666116290163,0.1062871535621558,0.2725744530773908
2,total,4,native4,1,2,256,0.9044157684463079,0.0864368673042207,0.022761078311349374,0.16465973773850195
2,total,4,native4,2,1,128,0.9719788758459234,0.023057031571249734,0.0032521861161245204,0.0551102306925654
2,total,4,native4,3,0,0,0.9878324418717472,0.0,0.0,0.0
2,total,4,native6,0,3,384,0.907275943365812,0.08784470722749357,0.027891483438087276,0.16324427082023585
2,total,4,native6,1,2,256,0.9565475427458883,0.03005517177128436,-0.00680349810680512,0.07896496620785869
2,total,4,native6,2,1,128,0.9931602868718742,0.0020754816300245227,6.974140762469579e-05,0.004402418257085347
2,total,4,native6,3,0,0,0.9893087410511086,0.0,0.0,0.0
2,total,4,direct,0,3,384,0.9604601109364539,0.03555191130240741,0.004223863792441613,0.08868221169585741
2,total,4,direct,1,2,256,0.987963747221428,-0.0009706734127132334,-0.022316517298643267,0.014208162110674867
2,total,4,direct,2,1,128,0.9892535340546451,0.0059801617211850365,0.0012639984818545128,0.011939333727598584
2,total,4,direct,3,0,0,0.9905743281538818,0.0,0.0,0.0
2,total,4,random4,0,3,384,0.8427817138125924,0.1480075663159767,0.09043062900675185,0.21289163177388404
2,total,4,random4,1,2,256,0.9147492351119519,0.06440770639645343,0.022274023756068868,0.10869626200154335
2,total,4,random4,2,1,128,0.9375597172740763,0.05434968493751623,0.01978787075175014,0.1044334648831735
2,total,4,random4,3,0,0,0.9910115541933631,0.0,0.0,0.0
2,total,4,random6,0,3,384,0.9027653472325466,0.09099316229751105,0.03553954799192392,0.16229603076554389
2,total,4,random6,1,2,256,0.9513204311034241,0.032453463117812636,0.006439546315809047,0.06390936751625576
2,total,4,random6,2,1,128,0.9707929229878411,0.02462752934987824,0.00956601742178777,0.04453269934538979
2,total,4,random6,3,0,0,0.9914810659887376,0.0,0.0,0.0
2,total,4,oracle,0,3,384,0.9973465845394878,0.0,0.0,0.0
2,total,4,oracle,1,2,256,0.9955452882275917,0.0,0.0,0.0
2,total,4,oracle,2,1,128,0.9986349163568365,0.0,0.0,0.0
2,total,4,oracle,3,0,0,0.9957413439434486,0.0,0.0,0.0
2,total,8,native4,0,7,448,0.7141190464517346,0.27909289120503233,0.17818840411369635,0.38603320717589545
2,total,8,native4,1,6,384,0.8068977392479537,0.1645528772760182,0.08563249985339462,0.256426508713056
2,total,8,native4,2,5,320,0.7017366669748295,0.2835200269423033,0.17250143396684667,0.3997697435268231
2,total,8,native4,3,4,256,0.7827900352719116,0.17621029740721672,0.0616585293039336,0.29282032023444354
2,total,8,native4,4,3,192,0.8356372160404727,0.14793315294627407,0.061060135539032445,0.24655488116524296
2,total,8,native4,5,2,128,0.8969628209300011,0.07544878732636953,0.034435726267242124,0.12998213637078299
2,total,8,native4,6,1,64,0.9498537780355656,0.040286910447742436,0.007572889220292196,0.08575309567135697
2,total,8,native4,7,0,0,0.9846749984362143,0.0,0.0,0.0
2,total,8,native6,0,7,448,0.8197529825147334,0.1772042407890166,0.08952177310960682,0.27748652160778037
2,total,8,native6,1,6,384,0.8390678478760483,0.14345557863291566,0.06706895996790013,0.23159224375826018
2,total,8,native6,2,5,320,0.8394322834506402,0.1477043031383048,0.07768938426720759,0.22775011453445915
2,total,8,native6,3,4,256,0.8768527062569056,0.08606788358350426,0.0014877500149366742,0.18070848890063376
2,total,8,native6,4,3,192,0.8715117912885605,0.10709872373132356,0.0419062012544841,0.18374226506171645
2,total,8,native6,5,2,128,0.872222936187524,0.09096879219104662,0.04522980249938193,0.14645757025497985
2,total,8,native6,6,1,64,0.9698668122053962,0.01808646310422455,0.0013968954664931722,0.04145076298242769
2,total,8,native6,7,0,0,0.989065778971778,0.0,0.0,0.0
2,total,8,direct,0,7,448,0.9347790437575845,0.061873005865609856,0.021274789943938652,0.12418794921587964
2,total,8,direct,1,6,384,0.904743527830531,0.07127321829565104,0.020919308924673495,0.13381376854856697
2,total,8,direct,2,5,320,0.9184111051759919,0.062371819255242836,0.011324471640255733,0.12550026231917347
2,total,8,direct,3,4,256,0.9301974921629643,0.029005326127709587,-0.016301818139443095,0.09073641788177661
2,total,8,direct,4,3,192,0.9586983249130361,0.011796487179286181,-0.02422815743131055,0.04479208217544718
2,total,8,direct,5,2,128,0.9385926445440675,0.044934111567478896,0.012558170911231405,0.09697761740389352
2,total,8,direct,6,1,64,0.9806194570672548,0.006099072864141131,-0.002504114412800287,0.015670441218880646
2,total,8,direct,7,0,0,0.9784796422752459,0.0,0.0,0.0
2,total,8,random4,0,7,448,0.6419243760608456,0.34804872326834924,0.2736401900156157,0.4267243888462506
2,total,8,random4,1,6,384,0.7394868596514703,0.20824284064453596,0.14716278481560863,0.27368855742633796
2,total,8,random4,2,5,320,0.6693801631974183,0.30914677783687694,0.22400077618198902,0.39694056253262827
2,total,8,random4,3,4,256,0.7968330638523415,0.15918130385367932,0.09052618503200736,0.23094081055992363
2,total,8,random4,4,3,192,0.7841732429263633,0.17571474143898302,0.0934085444584601,0.26341443133799314
2,total,8,random4,5,2,128,0.8286928947035931,0.15503623856534055,0.10026147108465686,0.21549544713674004
2,total,8,random4,6,1,64,0.9505487400045759,0.036452323390820614,0.015350692506524129,0.06330182135898235
2,total,8,random4,7,0,0,0.97213685774067,0.0,0.0,0.0
2,total,8,random6,0,7,448,0.7843221058283041,0.2088088497460909,0.1430452090657077,0.27795899508997435
2,total,8,random6,1,6,384,0.7983728456793511,0.16338828377557052,0.113202503839067,0.21517299707782325
2,total,8,random6,2,5,320,0.8019071368101789,0.18768507373584364,0.12514731658266307,0.25365603073037823
2,total,8,random6,3,4,256,0.8761172526221475,0.08416052706787783,0.03496897758080552,0.13762978276060947
2,total,8,random6,4,3,192,0.8749799757383325,0.10790880903473021,0.061026392161884435,0.15824845610969193
2,total,8,random6,5,2,128,0.8435919780777041,0.12959665374541052,0.07150832454549248,0.1992269094753413
2,total,8,random6,6,1,64,0.9637913799332529,0.02648694145723593,0.0068144592152174655,0.05108839023945281
2,total,8,random6,7,0,0,0.9773468905836056,0.0,0.0,0.0
2,total,8,oracle,0,7,448,0.9970482588760894,0.0,0.0,0.0
2,total,8,oracle,1,6,384,0.9944486921827491,0.0,0.0,0.0
2,total,8,oracle,2,5,320,0.9967947258723464,0.0,0.0,0.0
2,total,8,oracle,3,4,256,0.9943182429464446,0.0,0.0,0.0
2,total,8,oracle,4,3,192,0.9889044197719414,0.0,0.0,0.0
2,total,8,oracle,5,2,128,0.9946449700375164,0.0,0.0,0.0
2,total,8,oracle,6,1,64,0.9975974097718346,0.0,0.0,0.0
2,total,8,oracle,7,0,0,0.9944917427140291,0.0,0.0,0.0
2,total,16,native4,0,15,480,0.5043862296472633,0.4881529357980338,0.36028355673009665,0.615955049266428
2,total,16,native4,1,14,448,0.6358844640763106,0.3240557363408364,0.21209207623502307,0.4432197135354645
2,total,16,native4,2,13,416,0.5742128691714232,0.40704828459754405,0.2807047231263465,0.5380487851633824
2,total,16,native4,3,12,384,0.6472464152808435,0.33084391391947554,0.21056109680777108,0.4590953409248363
2,total,16,native4,4,11,352,0.5836812502753868,0.3981948244126605,0.26450771849062493,0.5323427589100763
2,total,16,native4,5,10,320,0.6542528543702444,0.3298863068840325,0.22191279553611049,0.44402176760042633
2,total,16,native4,6,9,288,0.6910918637640391,0.2655463888067795,0.14165473113215454,0.3938512367971725
2,total,16,native4,7,8,256,0.7459701313584945,0.22784216794016732,0.12477851881183709,0.34405267554152946
2,total,16,native4,8,7,224,0.6666260061539115,0.27316758024102566,0.155301728409669,0.40067999972782753
2,total,16,native4,9,6,192,0.7963947105831833,0.17380490905676949,0.09687729763517901,0.263471932070827
2,total,16,native4,10,5,160,0.7632930862751499,0.20489613202942086,0.1034264667321079,0.32179133890537653
2,total,16,native4,11,4,128,0.8713181720678166,0.1176095762826105,0.03362937757881113,0.22244861678788877
2,total,16,native4,12,3,96,0.9084908974627698,0.06326476547458784,0.01389274437480706,0.12835933347072437
2,total,16,native4,13,2,64,0.9093644563525733,0.07421905072685417,0.025336884009708183,0.14013584051060196
2,total,16,native4,14,1,32,0.9538184728269313,0.017134466033598753,-0.002607196212416058,0.0439309704966617
2,total,16,native4,15,0,0,0.9687646554063456,0.0,0.0,0.0
2,total,16,native6,0,15,480,0.5432300725471075,0.4504283263487123,0.3178931843413122,0.5877088679305013
2,total,16,native6,1,14,448,0.7656072750975993,0.20988456995776544,0.11673676382396964,0.31545877410709156
2,total,16,native6,2,13,416,0.6615374093344296,0.3222945005958314,0.19982664150292048,0.4474176242216425
2,total,16,native6,3,12,384,0.761428211158821,0.21777930907420512,0.11240906144128016,0.33449857063464955
2,total,16,native6,4,11,352,0.6629766453223347,0.3196369630674104,0.20657489370425225,0.43701135603298613
2,total,16,native6,5,10,320,0.7276813470368465,0.25589375236309503,0.15115280492509417,0.37287831657637793
2,total,16,native6,6,9,288,0.7238424604923537,0.23618830446185116,0.11798031854534052,0.3597971584899264
2,total,16,native6,7,8,256,0.8071394092171571,0.1721080296848203,0.08294551887035502,0.27116473473832337
2,total,16,native6,8,7,224,0.7495201059238389,0.21313705735564697,0.10599066949483635,0.33088608815219805
2,total,16,native6,9,6,192,0.8248784655113817,0.1595398332131781,0.07218335024663135,0.2634448500650261
2,total,16,native6,10,5,160,0.8585781849301541,0.11510343699734189,0.04738080030608941,0.19485858578421478
2,total,16,native6,11,4,128,0.8766475333869431,0.11601348592327866,0.0359999905326314,0.2159084942161005
2,total,16,native6,12,3,96,0.9289448627350951,0.04847496430249899,0.009724948884120526,0.10524321287985028
2,total,16,native6,13,2,64,0.930618569852762,0.054803656391041684,0.01896391971189492,0.09922346467106653
2,total,16,native6,14,1,32,0.9752545878710526,0.00697345469467248,-0.011018875873147501,0.0355953791306006
2,total,16,native6,15,0,0,0.9771956245564531,0.0,0.0,0.0
2,total,16,direct,0,15,480,0.8022729778391731,0.19183829853917272,0.10285916020674918,0.2957029046723161
2,total,16,direct,1,14,448,0.8549206033184432,0.09751094878064606,0.028296267592676772,0.17418024478259309
2,total,16,direct,2,13,416,0.8777468555658956,0.10221105083194332,0.04243956963581935,0.17743855157621924
2,total,16,direct,3,12,384,0.8246593425972124,0.1499885520227615,0.07118143640869416,0.23721530641972882
2,total,16,direct,4,11,352,0.746221455937716,0.23117022450073088,0.13655087692044998,0.3354515577813323
2,total,16,direct,5,10,320,0.8209887613085416,0.15882980119947848,0.08231244936190532,0.24406802978619263
2,total,16,direct,6,9,288,0.8512796177968978,0.11428691379553524,0.023716736806181842,0.21156649461106927
2,total,16,direct,7,8,256,0.8902923599508024,0.0904026708706545,0.02545652945945117,0.17015357072549925
2,total,16,direct,8,7,224,0.7650529354432467,0.1781096115605976,0.08673704312124993,0.28213199089193636
2,total,16,direct,9,6,192,0.8812702064646569,0.10306780975491012,0.04050985382528747,0.17931448118006152
2,total,16,direct,10,5,160,0.8764337438679437,0.0877654018270777,0.024482710361999328,0.16321537174656803
2,total,16,direct,11,4,128,0.9512417050395954,0.04127846298399951,0.013391894444830561,0.0757243134445831
2,total,16,direct,12,3,96,0.9241882260787727,0.05253293303783492,0.01236526009052808,0.10705218600460525
2,total,16,direct,13,2,64,0.9486513330204788,0.03659270821632381,0.009990508980398561,0.07833252589503495
2,total,16,direct,14,1,32,0.9643064572210158,0.007529996287214215,-0.003300508796535266,0.022535757305587212
2,total,16,direct,15,0,0,0.9829494290059391,0.0,0.0,0.0
2,total,16,random4,0,15,480,0.5752572925915183,0.4146875557905944,0.3087513977434255,0.5236619977400135
2,total,16,random4,1,14,448,0.5598835956370057,0.39948234642277347,0.31157639676387155,0.48798666393529305
2,total,16,random4,2,13,416,0.6121410599327293,0.36076200579380613,0.27076376155840765,0.45381642348946755
2,total,16,random4,3,12,384,0.6858366294881674,0.29338374734287564,0.212850955008685,0.37586885764139655
2,total,16,random4,4,11,352,0.6228835931787153,0.33731724875361335,0.25569944354576885,0.4229448728581058
2,total,16,random4,5,10,320,0.6514408907789915,0.3283407237272481,0.25009584858828415,0.41095459553704855
2,total,16,random4,6,9,288,0.625664905731435,0.3392887874757095,0.23031944957455008,0.4494405196895009
2,total,16,random4,7,8,256,0.6959087246157646,0.279905654606889,0.21180115259477392,0.3513304000819908
2,total,16,random4,8,7,224,0.6693839604366216,0.2768608637383858,0.19163626947375942,0.3718781294979526
2,total,16,random4,9,6,192,0.756193964609253,0.21313547163876984,0.1442278547136674,0.28734853944433153
2,total,16,random4,10,5,160,0.7591431680094441,0.21278400109772677,0.1373625713336044,0.29852896171331506
2,total,16,random4,11,4,128,0.7810661552789459,0.19942160865941655,0.13833561333452413,0.2654381874383549
2,total,16,random4,12,3,96,0.8053995504335293,0.16693794386190072,0.09024555818630504,0.25495296088546204
2,total,16,random4,13,2,64,0.870960476938861,0.09852300149501628,0.050837147640948044,0.15544143338639463
2,total,16,random4,14,1,32,0.9387623775728056,0.036219810639549516,0.013221040080870479,0.062144425004006326
2,total,16,random4,15,0,0,0.9691747612205768,0.0,0.0,0.0
2,total,16,random6,0,15,480,0.6350064350587519,0.3569110787036182,0.2677855759652642,0.4480053741396839
2,total,16,random6,1,14,448,0.6374846899779611,0.33934546980178004,0.2578251275963407,0.42244573337281804
2,total,16,random6,2,13,416,0.7213848919822263,0.2606109126139362,0.18122952819193217,0.3490531331075096
2,total,16,random6,3,12,384,0.7419511753749539,0.23706556047144167,0.1612831970331962,0.31703876329790043
2,total,16,random6,4,11,352,0.6666154712366142,0.30172639970516885,0.20940293435686935,0.39991479006683067
2,total,16,random6,5,10,320,0.7037343930756709,0.27877273660436697,0.20918306878214038,0.35049846811929836
2,total,16,random6,6,9,288,0.6710415662189249,0.2860646231488655,0.18499030621549903,0.3887449497164263
2,total,16,random6,7,8,256,0.7790099237317225,0.19549797864129612,0.12446211860455968,0.2716089937472584
2,total,16,random6,8,7,224,0.7207431634558259,0.24786470612018596,0.15779675418919523,0.34842186082503146
2,total,16,random6,9,6,192,0.7965727814260457,0.18632132024983705,0.1161788230782973,0.2643213152337773
2,total,16,random6,10,5,160,0.813569858542418,0.16098937547243167,0.09705929959873198,0.23352676583677573
2,total,16,random6,11,4,128,0.856843163930529,0.12917122494760683,0.07658655712810826,0.18753598361422907
2,total,16,random6,12,3,96,0.838956939391418,0.13805195890819782,0.06561571371774082,0.22104997464959067
2,total,16,random6,13,2,64,0.9147728971957959,0.06241741728982944,0.02578380033781596,0.11552038238522344
2,total,16,random6,14,1,32,0.9420433037764568,0.03143610342213047,0.006609123879177159,0.06288828168214393
2,total,16,random6,15,0,0,0.9779886740553203,0.0,0.0,0.0
2,total,16,oracle,0,15,480,0.9949624687451146,0.0,0.0,0.0
2,total,16,oracle,1,14,448,0.9920625121542537,0.0,0.0,0.0
2,total,16,oracle,2,13,416,0.9957681194617404,0.0,0.0,0.0
2,total,16,oracle,3,12,384,0.9951949574859029,0.0,0.0,0.0
2,total,16,oracle,4,11,352,0.994005406578464,0.0,0.0,0.0
2,total,16,oracle,5,10,320,0.9968690794133095,0.0,0.0,0.0
2,total,16,oracle,6,9,288,0.9878567879299542,0.0,0.0,0.0
2,total,16,oracle,7,8,256,0.9966889809701944,0.0,0.0,0.0
2,total,16,oracle,8,7,224,0.9854235287238974,0.0,0.0,0.0
2,total,16,oracle,9,6,192,0.9910719335579239,0.0,0.0,0.0
2,total,16,oracle,10,5,160,0.990710790865867,0.0,0.0,0.0
2,total,16,oracle,11,4,128,0.9975143161737188,0.0,0.0,0.0
2,total,16,oracle,12,3,96,0.9940193278015395,0.0,0.0,0.0
2,total,16,oracle,13,2,64,0.996116181160285,0.0,0.0,0.0
2,total,16,oracle,14,1,32,0.9958544553893989,0.0,0.0,0.0
2,total,16,oracle,15,0,0,0.9970415979166242,0.0,0.0,0.0
6,per_pair,2,native4,0,1,128,0.9147349918318854,0.06023443428527359,0.023266333385731502,0.10556340155504147
6,per_pair,2,native4,1,0,0,0.9677516303409522,0.0,0.0,0.0
6,per_pair,2,native6,0,1,128,0.9551134431659816,0.030374315739316503,0.007455121108347562,0.06047820687007799
6,per_pair,2,native6,1,0,0,0.9840440539544157,0.0,0.0,0.0
6,per_pair,2,direct,0,1,128,0.9819855156585819,0.005951448638848177,0.001257444209647569,0.012346818835606125
6,per_pair,2,direct,1,0,0,0.9902673510622322,0.0,0.0,0.0
6,per_pair,2,random4,0,1,128,0.9297292897560168,0.0402858725975501,0.018602466498701262,0.0658144552480708
6,per_pair,2,random4,1,0,0,0.9652824996509848,0.0,0.0,0.0
6,per_pair,2,random6,0,1,128,0.9511241376957145,0.031230681712978006,0.012009704608746159,0.0544762262400678
6,per_pair,2,random6,1,0,0,0.9836469820298557,0.0,0.0,0.0
6,per_pair,2,oracle,0,1,128,0.9972133090743216,0.0,0.0,0.0
6,per_pair,2,oracle,1,0,0,0.9969547993269485,0.0,0.0,0.0
6,per_pair,4,native4,0,3,384,0.7767361353249782,0.19823329079218086,0.11288723362673656,0.2911751772583835
6,per_pair,4,native4,1,2,256,0.7999806430456753,0.16777098729527684,0.08174741106375526,0.2685462156231231
6,per_pair,4,native4,2,1,128,0.9332978754203927,0.04983647502553762,0.011354076022694821,0.10241643476411016
6,per_pair,4,native4,3,0,0,0.9692265679874661,0.0,0.0,0.0
6,per_pair,4,native6,0,3,384,0.8819478903736795,0.1035398685316185,0.04580574377078693,0.1716934213251966
6,per_pair,4,native6,1,2,256,0.8643018737429611,0.11974218021145469,0.04378404587986903,0.21323547744330282
6,per_pair,4,native6,2,1,128,0.9571988641697387,0.035084938760992904,0.0016205769469042576,0.08290368254855426
6,per_pair,4,native6,3,0,0,0.9820175444815641,0.0,0.0,0.0
6,per_pair,4,direct,0,3,384,0.9641473027215729,0.023789661575857067,0.008421023360475906,0.04171699072658503
6,per_pair,4,direct,1,2,256,0.9727857249765548,0.01748162608567727,0.0074818947774593445,0.02914257975627829
6,per_pair,4,direct,2,1,128,0.9832629133827595,0.008196167708784705,0.0018113363707458789,0.01610571666330795
6,per_pair,4,direct,3,0,0,0.9902706314814014,0.0,0.0,0.0
6,per_pair,4,random4,0,3,384,0.8295927149147851,0.14042244743878166,0.08765462853684404,0.19820258767383236
6,per_pair,4,random4,1,2,256,0.8304615253554655,0.13482097429551917,0.07578917763941456,0.20139796417818126
6,per_pair,4,random4,2,1,128,0.9144752016891542,0.055877707666535645,0.016014949699017577,0.10422361648375451
6,per_pair,4,random4,3,0,0,0.9746596666208335,0.0,0.0,0.0
6,per_pair,4,random6,0,3,384,0.8907149027723452,0.09163991663634727,0.04427741689896479,0.14717523182833256
6,per_pair,4,random6,1,2,256,0.8920255466729206,0.0916214353569352,0.0411368245413455,0.15310219356536706
6,per_pair,4,random6,2,1,128,0.9455756350948568,0.03835327840321036,0.013608432044309652,0.06839947513006997
6,per_pair,4,random6,3,0,0,0.9842994052039945,0.0,0.0,0.0
6,per_pair,4,oracle,0,3,384,0.9972133090743216,0.0,0.0,0.0
6,per_pair,4,oracle,1,2,256,0.9969547993269485,0.0,0.0,0.0
6,per_pair,4,oracle,2,1,128,0.9965785289613798,0.0,0.0,0.0
6,per_pair,4,oracle,3,0,0,0.9972090653269436,0.0,0.0,0.0
6,per_pair,8,native4,0,7,896,0.664929273448134,0.310040152669025,0.1953423566155366,0.43099521116690687
6,per_pair,8,native4,1,6,768,0.6826245091127363,0.28512712122821593,0.1662930195027404,0.41130649595746255
6,per_pair,8,native4,2,5,640,0.8345030884328806,0.14863126201304983,0.07028363308620907,0.23907261750136938
6,per_pair,8,native4,3,4,512,0.8121944642844469,0.15703210370301918,0.08064528046448118,0.2422709425544288
6,per_pair,8,native4,4,3,384,0.777622155568797,0.1994119360609695,0.11160643214865346,0.29727181374748274
6,per_pair,8,native4,5,2,256,0.8902360485739026,0.07002970515294876,0.02720517125930329,0.12292709970242875
6,per_pair,8,native4,6,1,128,0.938455144432953,0.04204099998583605,0.007830023446367412,0.09073808585883372
6,per_pair,8,native4,7,0,0,0.977320733196314,0.0,0.0,0.0
6,per_pair,8,native6,0,7,896,0.7687079753207233,0.21677978358457473,0.14014437924766143,0.29907319359750945
6,per_pair,8,native6,1,6,768,0.783223721837834,0.20082033211658173,0.12014781481539645,0.2877724393231704
6,per_pair,8,native6,2,5,640,0.8845280707503473,0.107755732180384,0.04321999910236078,0.18754932622952356
6,per_pair,8,native6,3,4,512,0.9011156065068792,0.08090193797468499,0.029439221134849026,0.1461142565788283
6,per_pair,8,native6,4,3,384,0.8996835394686367,0.08834593884412636,0.040700370826993536,0.14391880458128
6,per_pair,8,native6,5,2,256,0.9409185766699151,0.042074220925572836,0.007854376275950273,0.09493414058196618
6,per_pair,8,native6,6,1,128,0.9791599481636568,0.010873631842612742,-0.0005975371277112242,0.029704461122693787
6,per_pair,8,native6,7,0,0,0.9862337775461196,0.0,0.0,0.0
6,per_pair,8,direct,0,7,896,0.8591387728669981,0.12879819143043175,0.05817429500630113,0.21460946279396353
6,per_pair,8,direct,1,6,768,0.8868940143540722,0.10337333670815994,0.04615841970055881,0.17247090712150095
6,per_pair,8,direct,2,5,640,0.9529000789771936,0.038559002114350635,0.013367867500473498,0.07470485722459527
6,per_pair,8,direct,3,4,512,0.9117955530437685,0.07847507843763296,0.03116958286941385,0.13798279671507854
6,per_pair,8,direct,4,3,384,0.9250051504588245,0.06431785308838381,0.008154351475537686,0.13401442871005834
6,per_pair,8,direct,5,2,256,0.9744226490699224,0.011996653341204033,-0.0015703565581620103,0.02878958839893211
6,per_pair,8,direct,6,1,128,0.9778708204652194,0.012458106396051948,0.003877630887244745,0.022721240493069752
6,per_pair,8,direct,7,0,0,0.9859408021752338,0.0,0.0,0.0
6,per_pair,8,random4,0,7,896,0.7464461573141612,0.2235690050394056,0.15629014194792287,0.2983495122714256
6,per_pair,8,random4,1,6,768,0.7265628646327752,0.23871963501820953,0.17071505901887762,0.3087774234570776
6,per_pair,8,random4,2,5,640,0.815426634520491,0.15492627483519872,0.09715608474078173,0.2199876057759543
6,per_pair,8,random4,3,4,512,0.7419042874271058,0.23275537919372769,0.16082330671353837,0.31072024415289884
6,per_pair,8,random4,4,3,384,0.8704826577871907,0.10256687711044188,0.05908908145452919,0.1508313437330185
6,per_pair,8,random4,5,2,256,0.8711115578524921,0.10532367131032809,0.05518103488176044,0.16610896050679744
6,per_pair,8,random4,6,1,128,0.9053891297264289,0.0688153169943918,0.024909752076746262,0.12882286734281062
6,per_pair,8,random4,7,0,0,0.9737439083746445,0.0,0.0,0.0
6,per_pair,8,random6,0,7,896,0.7867778338779524,0.1955769855307401,0.131642521043619,0.2685883840959372
6,per_pair,8,random6,1,6,768,0.7918790148955046,0.19176796713435115,0.12669171856770362,0.26161191347710844
6,per_pair,8,random6,2,5,640,0.8655705894983409,0.11835832399972632,0.06757707861793272,0.1776449027331386
6,per_pair,8,random6,3,4,512,0.793777658659597,0.1905217465443974,0.11787806897034493,0.2700704147864111
6,per_pair,8,random6,4,3,384,0.8887856411819403,0.09667871998032186,0.048607609436580664,0.15363654791287557
6,per_pair,8,random6,5,2,256,0.9233718674801231,0.05874089367067594,0.023887307457076023,0.10344195389372023
6,per_pair,8,random6,6,1,128,0.9652131998828347,0.02236282311237965,0.009976641414477716,0.03768495213601815
6,per_pair,8,random6,7,0,0,0.9843564020726498,0.0,0.0,0.0
6,per_pair,8,oracle,0,7,896,0.9972133090743216,0.0,0.0,0.0
6,per_pair,8,oracle,1,6,768,0.9969547993269485,0.0,0.0,0.0
6,per_pair,8,oracle,2,5,640,0.9965785289613798,0.0,0.0,0.0
6,per_pair,8,oracle,3,4,512,0.9972090653269436,0.0,0.0,0.0
6,per_pair,8,oracle,4,3,384,0.9975790372326566,0.0,0.0,0.0
6,per_pair,8,oracle,5,2,256,0.9980300296527043,0.0,0.0,0.0
6,per_pair,8,oracle,6,1,128,0.9990893146664863,0.0,0.0,0.0
6,per_pair,8,oracle,7,0,0,0.9973320206074778,0.0,0.0,0.0
6,per_pair,16,native4,0,15,1920,0.6317796017803474,0.34318982433681156,0.22833291021296126,0.46489941704509563
6,per_pair,16,native4,1,14,1792,0.6010949177959175,0.36665671254503474,0.24010845396006752,0.49692910751651154
6,per_pair,16,native4,2,13,1664,0.5258065863195378,0.4573277641263926,0.34651460521541066,0.5663109607203469
6,per_pair,16,native4,3,12,1536,0.573721979098192,0.3955045888892741,0.2708787086729658,0.5236200602996508
6,per_pair,16,native4,4,11,1408,0.5449996642885435,0.4320344273412228,0.30585017266602615,0.558318448727582
6,per_pair,16,native4,5,10,1280,0.6103125779082392,0.3499531758186122,0.23279218595763757,0.46994865040585915
6,per_pair,16,native4,6,9,1152,0.7081597042281389,0.2723364401906503,0.16703590606726765,0.38721046934199643
6,per_pair,16,native4,7,8,1024,0.6503196663203419,0.3270010668759721,0.2107921818854205,0.4510679096455886
6,per_pair,16,native4,8,7,896,0.735964705066585,0.23869429918774676,0.13513009197776382,0.35090183315033874
6,per_pair,16,native4,9,6,768,0.677593460469295,0.28044401858667434,0.17167549304141488,0.3956903416346167
6,per_pair,16,native4,10,5,640,0.821075541014819,0.16014091066825387,0.07801223849319865,0.25627796997268876
6,per_pair,16,native4,11,4,512,0.7231166460302649,0.25724718955626336,0.1518473403206932,0.37411651178348554
6,per_pair,16,native4,12,3,384,0.8023579252724652,0.16803470432177559,0.0962112972750608,0.24897597004675537
6,per_pair,16,native4,13,2,256,0.8910329498312133,0.08314525838902607,0.035363003796721956,0.14295398737003265
6,per_pair,16,native4,14,1,128,0.909747578193292,0.062647860119232,0.014126303058461714,0.12905054182774506
6,per_pair,16,native4,15,0,0,0.9749088075218473,0.0,0.0,0.0
6,per_pair,16,native6,0,15,1920,0.6645518508757462,0.32093590802955185,0.20076137301040464,0.44879566224577644
6,per_pair,16,native6,1,14,1792,0.6312873372782579,0.352756716676158,0.23759326126179167,0.4705993965877159
6,per_pair,16,native6,2,13,1664,0.6597461050523137,0.33253769787841764,0.20755885344945252,0.46043746444013745
6,per_pair,16,native6,3,12,1536,0.6501141901154761,0.331903354366088,0.22470613652729382,0.4475964177818993
6,per_pair,16,native6,4,11,1408,0.7272423362221581,0.26078714209060494,0.1575270040813574,0.3764524004355062
6,per_pair,16,native6,5,10,1280,0.7382442685744559,0.24474852902103206,0.14344304365125796,0.35539925665099537
6,per_pair,16,native6,6,9,1152,0.7729902827876951,0.21704329721857438,0.11173343282084405,0.33396252839598045
6,per_pair,16,native6,7,8,1024,0.677796806573723,0.3084369709723966,0.18670966103506495,0.43807768289717136
6,per_pair,16,native6,8,7,896,0.8302881766382191,0.15331043510708225,0.06337699344102517,0.25540872214244914
6,per_pair,16,native6,9,6,768,0.8147481423081855,0.1666953526316697,0.0934854994261811,0.25131733148816054
6,per_pair,16,native6,10,5,640,0.9033033734478595,0.0872848953142332,0.03596228563190334,0.14986465282596653
6,per_pair,16,native6,11,4,512,0.8282101357938156,0.16027170151323294,0.07752312902108222,0.26078439112419566
6,per_pair,16,native6,12,3,384,0.8703077997407395,0.11683829008262009,0.04671412595176398,0.2051709878675989
6,per_pair,16,native6,13,2,256,0.909088611823526,0.08012906114320216,0.027943570807885783,0.14931369314899698
6,per_pair,16,native6,14,1,128,0.9335602117379289,0.05148738524295428,0.009645166715635596,0.11819373573047232
6,per_pair,16,native6,15,0,0,0.9867057784878548,0.0,0.0,0.0
6,per_pair,16,direct,0,15,1920,0.7560556776653751,0.23188128663205487,0.12614679315098798,0.3510617240992293
6,per_pair,16,direct,1,14,1792,0.7575980967752166,0.23266925428701554,0.12500101449839038,0.3541999541259478
6,per_pair,16,direct,2,13,1664,0.7145666745020511,0.27689240658949305,0.16556851962264504,0.39671949554744074
6,per_pair,16,direct,3,12,1536,0.6669605461942997,0.3233100852871017,0.20860195823520522,0.44572486850196474
6,per_pair,16,direct,4,11,1408,0.7982178626603873,0.19110514088682112,0.10396026067897299,0.2885183118884329
6,per_pair,16,direct,5,10,1280,0.8101647870198285,0.17625451539129777,0.09029353015912568,0.2735925715065802
6,per_pair,16,direct,6,9,1152,0.8714413621024227,0.11888756475884864,0.05875489697196774,0.19105437054932248
6,per_pair,16,direct,7,8,1024,0.8063223249272142,0.1796184772480197,0.08338418938410078,0.29029560999393683
6,per_pair,16,direct,8,7,896,0.8934151948964076,0.09471349444024743,0.03036188335183832,0.17613197303851313
6,per_pair,16,direct,9,6,768,0.9467076218256831,0.03972932998451989,0.019301398572855004,0.06248296564834441
6,per_pair,16,direct,10,5,640,0.931668027881019,0.05979997882206803,0.017009951956736706,0.1178375590452438
6,per_pair,16,direct,11,4,512,0.9193851314068437,0.06760408870853851,0.03026211422474101,0.11428587221472117
6,per_pair,16,direct,12,3,384,0.9555512658960501,0.03338094929043363,0.012849906720579432,0.060390602087312235
6,per_pair,16,direct,13,2,256,0.9510478511408953,0.03963099833958694,0.008671673454431754,0.08934530150295793
6,per_pair,16,direct,14,1,128,0.9764149544694527,0.013644342162273993,0.004657273690782312,0.02466049091949613
6,per_pair,16,direct,15,0,0,0.9859916074725187,0.0,0.0,0.0
6,per_pair,16,random4,0,15,1920,0.6778140785449113,0.29220108380865556,0.19942175336481757,0.3947948648767177
6,per_pair,16,random4,1,14,1792,0.5816505866444244,0.3836319130065604,0.28793697257491147,0.481233556488298
6,per_pair,16,random4,2,13,1664,0.5175506297142358,0.452802279641454,0.36027221916428315,0.547122802158379
6,per_pair,16,random4,3,12,1536,0.5846596341652696,0.39000003245556386,0.30491402230885134,0.4736813385201838
6,per_pair,16,random4,4,11,1408,0.5655889938932064,0.4074605410044263,0.31204295541707555,0.5066931713276033
6,per_pair,16,random4,5,10,1280,0.6074477856311071,0.368987443531713,0.2765902452837114,0.4648999510166162
6,per_pair,16,random4,6,9,1152,0.7028741794051999,0.2713302673156208,0.17102310084974942,0.38079379351061654
6,per_pair,16,random4,7,8,1024,0.7239180928198192,0.24982581555482528,0.17142175731898074,0.3353256889544385
6,per_pair,16,random4,8,7,896,0.7222217048531148,0.23773072109858592,0.15661162913835416,0.3215550592628992
6,per_pair,16,random4,9,6,768,0.7355362503721878,0.21830112465347618,0.13789581125698747,0.3078207832812545
6,per_pair,16,random4,10,5,640,0.7818226302910498,0.19684430165837474,0.11763755334930279,0.28655372536748924
6,per_pair,16,random4,11,4,512,0.7730836713134619,0.18806359515085502,0.11533050286041376,0.26677298602017346
6,per_pair,16,random4,12,3,384,0.849920973157817,0.12337685077169337,0.06572425403182708,0.19327717571340627
6,per_pair,16,random4,13,2,256,0.8779096965159476,0.10214149280322853,0.05598727502807177,0.15389360748054784
6,per_pair,16,random4,14,1,128,0.9083115166641089,0.06183541333279839,0.02219707214006282,0.1205047940525149
6,per_pair,16,random4,15,0,0,0.9696012603817274,0.0,0.0,0.0
6,per_pair,16,random6,0,15,1920,0.7295523527878711,0.2528024666208213,0.16304428775528737,0.3557284434427356
6,per_pair,16,random6,1,14,1792,0.6191864201318603,0.3644605618979954,0.26789471300804535,0.46194053161383447
6,per_pair,16,random6,2,13,1664,0.5876601453870246,0.39626876811104256,0.3087840572590358,0.48622749578445557
6,per_pair,16,random6,3,12,1536,0.6081038174110333,0.3761955877929612,0.2868276843701175,0.46638406188804327
6,per_pair,16,random6,4,11,1408,0.6256843632708282,0.3597799978914339,0.2585648022145771,0.46513155260364686
6,per_pair,16,random6,5,10,1280,0.675250093069627,0.306862668081172,0.21665070824410534,0.40283867886006264
6,per_pair,16,random6,6,9,1152,0.7648848412740711,0.22269118172114322,0.13623289743161374,0.3192563674063465
6,per_pair,16,random6,7,8,1024,0.7580785802829846,0.22627782178966518,0.14288280678649115,0.3184695567509618
6,per_pair,16,random6,8,7,896,0.8033124443061233,0.18199937489118206,0.1109268985380765,0.2575432030946977
6,per_pair,16,random6,9,6,768,0.793246707240397,0.18890919036564863,0.11014345184195788,0.276857425941858
6,per_pair,16,random6,10,5,640,0.81240647876995,0.17637377452049152,0.10234478716852145,0.2596350861732725
6,per_pair,16,random6,11,4,512,0.8165111951137307,0.16524795836092787,0.10206276864359268,0.23368050482274116
6,per_pair,16,random6,12,3,384,0.8904985080063638,0.09719669278971853,0.04178380875043685,0.166999782564745
6,per_pair,16,random6,13,2,256,0.9223571100309282,0.06676164062588869,0.03528286726252543,0.10349409982909873
6,per_pair,16,random6,14,1,128,0.93811075971075,0.048066404674705424,0.011563250947615285,0.1056405979584106
6,per_pair,16,random6,15,0,0,0.9822490703631267,0.0,0.0,0.0
6,per_pair,16,oracle,0,15,1920,0.9972133090743216,0.0,0.0,0.0
6,per_pair,16,oracle,1,14,1792,0.9969547993269485,0.0,0.0,0.0
6,per_pair,16,oracle,2,13,1664,0.9965785289613798,0.0,0.0,0.0
6,per_pair,16,oracle,3,12,1536,0.9972090653269436,0.0,0.0,0.0
6,per_pair,16,oracle,4,11,1408,0.9975790372326566,0.0,0.0,0.0
6,per_pair,16,oracle,5,10,1280,0.9980300296527043,0.0,0.0,0.0
6,per_pair,16,oracle,6,9,1152,0.9990893146664863,0.0,0.0,0.0
6,per_pair,16,oracle,7,8,1024,0.9973320206074778,0.0,0.0,0.0
6,per_pair,16,oracle,8,7,896,0.9962062717323954,0.0,0.0,0.0
6,per_pair,16,oracle,9,6,768,0.9973490204869956,0.0,0.0,0.0
6,per_pair,16,oracle,10,5,640,0.9985947618978327,0.0,0.0,0.0
6,per_pair,16,oracle,11,4,512,0.9971435756621357,0.0,0.0,0.0
6,per_pair,16,oracle,12,3,384,0.9986082645254144,0.0,0.0,0.0
6,per_pair,16,oracle,13,2,256,0.9991349161513478,0.0,0.0,0.0
6,per_pair,16,oracle,14,1,128,0.9978220580774567,0.0,0.0,0.0
6,per_pair,16,oracle,15,0,0,0.9979241946013058,0.0,0.0,0.0
6,total,2,native4,0,1,256,0.9131369327350447,0.053997521937855716,0.00972547771382926,0.1127928464807807
6,total,2,native4,1,0,0,0.9723614659425002,0.0,0.0,0.0
6,total,2,native6,0,1,256,0.9661315230332626,0.02345390511141529,0.009089201059387488,0.04050474799971499
6,total,2,native6,1,0,0,0.9914589117565358,0.0,0.0,0.0
6,total,2,direct,0,1,256,0.97147140643359,0.018906789074487916,0.0006588113916248995,0.05204375242729499
6,total,2,direct,1,0,0,0.9934841173398743,0.0,0.0,0.0
6,total,2,random4,0,1,256,0.925310198878105,0.04702067994236736,0.018335351719498526,0.08210219728558459
6,total,2,random4,1,0,0,0.9730514526048284,0.0,0.0,0.0
6,total,2,random6,0,1,256,0.9404437153875258,0.04368234924093711,0.01401919283800906,0.08054420216523679
6,total,2,random6,1,0,0,0.9893951470873936,0.0,0.0,0.0
6,total,2,oracle,0,1,256,0.9962662750085621,0.0,0.0,0.0
6,total,2,oracle,1,0,0,0.9985658810153244,0.0,0.0,0.0
6,total,4,native4,0,3,384,0.7767361353249782,0.19823329079218086,0.11288723362673656,0.2911751772583835
6,total,4,native4,1,2,256,0.7999806430456753,0.16777098729527684,0.08174741106375526,0.2685462156231231
6,total,4,native4,2,1,128,0.9332978754203927,0.04983647502553762,0.011354076022694821,0.10241643476411016
6,total,4,native4,3,0,0,0.9692265679874661,0.0,0.0,0.0
6,total,4,native6,0,3,384,0.8819478903736795,0.1035398685316185,0.04580574377078693,0.1716934213251966
6,total,4,native6,1,2,256,0.8643018737429611,0.11974218021145469,0.04378404587986903,0.21323547744330282
6,total,4,native6,2,1,128,0.9571988641697387,0.035084938760992904,0.0016205769469042576,0.08290368254855426
6,total,4,native6,3,0,0,0.9820175444815641,0.0,0.0,0.0
6,total,4,direct,0,3,384,0.9641473027215729,0.023789661575857067,0.008421023360475906,0.04171699072658503
6,total,4,direct,1,2,256,0.9727857249765548,0.01748162608567727,0.0074818947774593445,0.02914257975627829
6,total,4,direct,2,1,128,0.9832629133827595,0.008196167708784705,0.0018113363707458789,0.01610571666330795
6,total,4,direct,3,0,0,0.9902706314814014,0.0,0.0,0.0
6,total,4,random4,0,3,384,0.8295927149147851,0.14042244743878166,0.08765462853684404,0.19820258767383236
6,total,4,random4,1,2,256,0.8304615253554655,0.13482097429551917,0.07578917763941456,0.20139796417818126
6,total,4,random4,2,1,128,0.9144752016891542,0.055877707666535645,0.016014949699017577,0.10422361648375451
6,total,4,random4,3,0,0,0.9746596666208335,0.0,0.0,0.0
6,total,4,random6,0,3,384,0.8907149027723452,0.09163991663634727,0.04427741689896479,0.14717523182833256
6,total,4,random6,1,2,256,0.8920255466729206,0.0916214353569352,0.0411368245413455,0.15310219356536706
6,total,4,random6,2,1,128,0.9455756350948568,0.03835327840321036,0.013608432044309652,0.06839947513006997
6,total,4,random6,3,0,0,0.9842994052039945,0.0,0.0,0.0
6,total,4,oracle,0,3,384,0.9972133090743216,0.0,0.0,0.0
6,total,4,oracle,1,2,256,0.9969547993269485,0.0,0.0,0.0
6,total,4,oracle,2,1,128,0.9965785289613798,0.0,0.0,0.0
6,total,4,oracle,3,0,0,0.9972090653269436,0.0,0.0,0.0
6,total,8,native4,0,7,448,0.6811014750745121,0.28697561319097087,0.18719692292546736,0.3924878847764493
6,total,8,native4,1,6,384,0.7490225753798545,0.21272544486207717,0.117464326294939,0.31866392025764567
6,total,8,native4,2,5,320,0.8459917308731774,0.13112394241015485,0.06512594105580902,0.21075658007356812
6,total,8,native4,3,4,256,0.8370870707071258,0.1168702170902754,0.04816899025668779,0.1982591894690825
6,total,8,native4,4,3,192,0.8191119609415067,0.1520252243823295,0.06756425327521474,0.2494154454400742
6,total,8,native4,5,2,128,0.8969089101252952,0.04080161876214275,0.011913368867598752,0.07263088163960117
6,total,8,native4,6,1,64,0.9399547511546373,0.032879807650755696,0.009073745955238263,0.06035508739574432
6,total,8,native4,7,0,0,0.961688134978346,0.0,0.0,0.0
6,total,8,native6,0,7,448,0.7599181937110919,0.22039592606059055,0.13302306351400356,0.3145207560288709
6,total,8,native6,1,6,384,0.7897547246756025,0.19216337131613165,0.10950093154346581,0.28289204000463775
6,total,8,native6,2,5,320,0.8978956388021143,0.08666886873909287,0.03666581174709462,0.15417347019415817
6,total,8,native6,3,4,256,0.8623256886677866,0.09644031075212312,0.039962451848725475,0.16112294181557782
6,total,8,native6,4,3,192,0.8892596107162769,0.08825021373810008,0.04287952139495025,0.13975049843052068
6,total,8,native6,5,2,128,0.941152839133644,0.03073666082100307,0.0013033337942307075,0.06949058626685553
6,total,8,native6,6,1,64,0.962858551929564,0.01691671919710497,0.0012638653805605322,0.035348106737398174
6,total,8,native6,7,0,0,0.978678208840171,0.0,0.0,0.0
6,total,8,direct,0,7,448,0.8188170981549525,0.16320447706862967,0.08361811087407753,0.254098800150497
6,total,8,direct,1,6,384,0.9040715838818416,0.08258020514190294,0.03876185894389573,0.13611728107379026
6,total,8,direct,2,5,320,0.9520002305995738,0.028289304862113857,0.009165433360829813,0.052780343517122574
6,total,8,direct,3,4,256,0.8835151041559182,0.08446513646199838,0.03724149651493938,0.14098006674195634
6,total,8,direct,4,3,192,0.919605586503524,0.06434168886694291,0.007708116410871629,0.13269876214566606
6,total,8,direct,5,2,128,0.964505573845452,0.01334080260740458,-0.0006693040175706231,0.029218565635184036
6,total,8,direct,6,1,64,0.955455405325188,0.02837349536831741,0.009578343865052925,0.051919220244596935
6,total,8,direct,7,0,0,0.9786274909639495,0.0,0.0,0.0
6,total,8,random4,0,7,448,0.7291313594842928,0.22772953153583964,0.1588922934391714,0.3057596194237407
6,total,8,random4,1,6,384,0.738705279134777,0.21920411985701616,0.1457897941302352,0.29804365671008787
6,total,8,random4,2,5,320,0.8196933394517938,0.1431289138438458,0.08668207268057576,0.20744825824411597
6,total,8,random4,3,4,256,0.7381909179140902,0.21212210860969152,0.144570331660574,0.2862822453418933
6,total,8,random4,4,3,192,0.8648727037652244,0.10140489908143419,0.05844709218959622,0.15082395352489086
6,total,8,random4,5,2,128,0.8871988721060229,0.0837896600925837,0.04015432160392737,0.13941949252788874
6,total,8,random4,6,1,64,0.9114794456275436,0.05637017913725014,0.029746502418828997,0.08801270433992102
6,total,8,random4,7,0,0,0.961077701778837,0.0,0.0,0.0
6,total,8,random6,0,7,448,0.7781422879227959,0.1971492089637744,0.13763446942895335,0.2596560100014254
6,total,8,random6,1,6,384,0.8319446207755121,0.1474506746880966,0.09497782109502992,0.20613280354572364
6,total,8,random6,2,5,320,0.851746518795051,0.12309683277247162,0.0729147697009672,0.17673750879660913
6,total,8,random6,3,4,256,0.7798428976813171,0.1879885276945666,0.11731548854581227,0.26659375104985344
6,total,8,random6,4,3,192,0.8957936043548368,0.08458023446365537,0.0410565337428774,0.13458119458606213
6,total,8,random6,5,2,128,0.9281648387655399,0.04916234964540602,0.01883812975099707,0.0888887875471091
6,total,8,random6,6,1,64,0.9444703400578772,0.03235928769033358,0.014523044971460125,0.05473410210490781
6,total,8,random6,7,0,0,0.9744833989414741,0.0,0.0,0.0
6,total,8,oracle,0,7,448,0.9969137041098901,0.0,0.0,0.0
6,total,8,oracle,1,6,384,0.9982901959475623,0.0,0.0,0.0
6,total,8,oracle,2,5,320,0.9971844557818887,0.0,0.0,0.0
6,total,8,oracle,3,4,256,0.9937904561601918,0.0,0.0,0.0
6,total,8,oracle,4,3,192,0.9975963289609655,0.0,0.0,0.0
6,total,8,oracle,5,2,128,0.9981589096081989,0.0,0.0,0.0
6,total,8,oracle,6,1,64,0.9937448627840022,0.0,0.0,0.0
6,total,8,oracle,7,0,0,0.9972459971596054,0.0,0.0,0.0
6,total,16,native4,0,15,480,0.6151816312509649,0.3310593761333948,0.21623085211509646,0.4519556973163669
6,total,16,native4,1,14,448,0.6212142879457426,0.316050861803644,0.20334195978324485,0.4328918716899485
6,total,16,native4,2,13,416,0.6046708850046228,0.32341487807574787,0.23099473943653331,0.4181756975887202
6,total,16,native4,3,12,384,0.6051394319354257,0.3306016176146668,0.21665155995352597,0.4501540306604812
6,total,16,native4,4,11,352,0.6074906482038548,0.3358872785332542,0.2154964345048686,0.4582663888980512
6,total,16,native4,5,10,320,0.6921537241584639,0.2214164709920134,0.11741296225954377,0.3346964805653993
6,total,16,native4,6,9,288,0.7708563661217898,0.20016301764907615,0.1124740236047502,0.2996620456347625
6,total,16,native4,7,8,256,0.6956143815337634,0.2288166830600174,0.11937151073631026,0.345568913368744
6,total,16,native4,8,7,224,0.7713162567160072,0.16366166583305308,0.07446316870930089,0.26265387892745046
6,total,16,native4,9,6,192,0.7467231979604588,0.1886780890310389,0.09764220203963306,0.28868485619276013
6,total,16,native4,10,5,160,0.8227080522513847,0.10084433187851911,0.024259992800066528,0.18619029607428092
6,total,16,native4,11,4,128,0.7423081322063894,0.19428524790052332,0.10262330183502429,0.29628081421361213
6,total,16,native4,12,3,96,0.7903032866818279,0.1200743960796477,0.058498111095744,0.18687613883605456
6,total,16,native4,13,2,64,0.8447749238964251,0.08118929790953745,0.02506376272289401,0.14922443257956475
6,total,16,native4,14,1,32,0.8877281752630981,0.056607005498941515,0.006025427538467674,0.12375942095450669
6,total,16,native4,15,0,0,0.9147447361252113,0.0,0.0,0.0
6,total,16,native6,0,15,480,0.6991521232547566,0.26930599264301225,0.158072529407445,0.3892193111426558
6,total,16,native6,1,14,448,0.60557523384218,0.35681325713931666,0.239625102074484,0.4784883392288894
6,total,16,native6,2,13,416,0.6786178511500369,0.2726152992771788,0.16553308532735334,0.3845874838831854
6,total,16,native6,3,12,384,0.6478616199221916,0.30830735491305883,0.1944543700214521,0.4277085751503384
6,total,16,native6,4,11,352,0.7079822138145051,0.2435286298295594,0.13756013225450037,0.3571322253841226
6,total,16,native6,5,10,320,0.72467119060276,0.22568668379596646,0.1210229316666344,0.3408507349762005
6,total,16,native6,6,9,288,0.7974765876541138,0.17460236624003916,0.08078023992098175,0.2795782809157686
6,total,16,native6,7,8,256,0.7357194125014315,0.22748004315322404,0.12427535818952877,0.3417203817475077
6,total,16,native6,8,7,224,0.806571404366084,0.13128419553268922,0.03805607083649154,0.23789594587971372
6,total,16,native6,9,6,192,0.7836940507169341,0.16746030246157478,0.09405928311605051,0.25217380480332074
6,total,16,native6,10,5,160,0.9032291885012262,0.049469561745301,0.0070657804433024735,0.10173179587608519
6,total,16,native6,11,4,128,0.7703857454827168,0.15819535047822797,0.0860372336154352,0.23889916387630816
6,total,16,native6,12,3,96,0.8556849860763192,0.09585047650318837,0.03576217376308072,0.17056259250163558
6,total,16,native6,13,2,64,0.8797873474791906,0.07814167219611642,0.027411211267420566,0.1426470348641002
6,total,16,native6,14,1,32,0.9130690410203907,0.04233086913225187,0.009535628263629584,0.08565801514912522
6,total,16,native6,15,0,0,0.9584998077538657,0.0,0.0,0.0
6,total,16,direct,0,15,480,0.7681626536881546,0.1978510289383381,0.10825505834242607,0.3001648031854979
6,total,16,direct,1,14,448,0.742996698061229,0.22344292061127763,0.12449201061340266,0.331374878759681
6,total,16,direct,2,13,416,0.7302314613913201,0.22215931478801132,0.13259170455795857,0.3187572857784618
6,total,16,direct,3,12,384,0.7064094979565334,0.25386663356045147,0.1600016476616998,0.3545055103113741
6,total,16,direct,4,11,352,0.8027116291918492,0.16589908255472702,0.08617823453802884,0.25751777729340014
6,total,16,direct,5,10,320,0.8030416970778753,0.15458963944842063,0.06697992583718501,0.2557724436797584
6,total,16,direct,6,9,288,0.8578252872939678,0.113885844286445,0.0479119691679746,0.19589900584877332
6,total,16,direct,7,8,256,0.8005686810211623,0.15120940405369332,0.06999071290210199,0.24697147908325542
6,total,16,direct,8,7,224,0.8803115632135761,0.08329620689957848,0.016813491284728425,0.16600114483088996
6,total,16,direct,9,6,192,0.919838093730295,0.03882154878723222,0.01240745983095203,0.06769835338127606
6,total,16,direct,10,5,160,0.9138557302796746,0.03618175803788876,-0.0024813426630540367,0.08791931392754779
6,total,16,direct,11,4,128,0.8777389083770555,0.05323369307244691,0.009424143264565775,0.1050810924423014
6,total,16,direct,12,3,96,0.9178016839983725,0.046949203752813265,0.016433748503153038,0.0889192479188442
6,total,16,direct,13,2,64,0.9399796880843336,0.029754869860346467,0.004142067104565129,0.0640106254160561
6,total,16,direct,14,1,32,0.9357404530493059,0.033049432518352226,0.004104956955996489,0.07911311927594272
6,total,16,direct,15,0,0,0.9554570702068506,0.0,0.0,0.0
6,total,16,random4,0,15,480,0.7162260995431735,0.22056769662971482,0.14313810123971266,0.3020311921517788
6,total,16,random4,1,14,448,0.595962084248504,0.3489194815966062,0.26173486230101434,0.44166511649856594
6,total,16,random4,2,13,416,0.589010263360634,0.34954147365003496,0.2626209536011672,0.4410345544198486
6,total,16,random4,3,12,384,0.5840717658112073,0.36309476772192095,0.2705645389774298,0.45984395070270967
6,total,16,random4,4,11,352,0.6034358581904338,0.3415784948478911,0.24885807557461567,0.43676560745897325
6,total,16,random4,5,10,320,0.6454501645914151,0.2876118757570103,0.20686045569969405,0.3718421486405981
6,total,16,random4,6,9,288,0.7275817956074128,0.23218535482510505,0.1424970523714979,0.3330876038023917
6,total,16,random4,7,8,256,0.7344638147616943,0.21157539413329735,0.12875720256707568,0.30347718359741466
6,total,16,random4,8,7,224,0.7538549611985935,0.17330123351242505,0.09878030263395839,0.2495557428957823
6,total,16,random4,9,6,192,0.7460458388652282,0.17183804274432618,0.100428630986074,0.253930468587762
6,total,16,random4,10,5,160,0.8111658305253804,0.12501321152036504,0.06412689311712749,0.19107420918121623
6,total,16,random4,11,4,128,0.7567724500600977,0.1593583861463805,0.08824288818126513,0.23115193025397474
6,total,16,random4,12,3,96,0.8510187988979502,0.08681135866603044,0.043178465562923124,0.13864586038845114
6,total,16,random4,13,2,64,0.8584866928969536,0.07884169868267246,0.04050833223784745,0.12184928687524302
6,total,16,random4,14,1,32,0.8902896470078168,0.05204284308599469,0.013271262207952989,0.11228328584231012
6,total,16,random4,15,0,0,0.9338936546885468,0.0,0.0,0.0
6,total,16,random6,0,15,480,0.7665847090162726,0.19261631466011644,0.12259528693064412,0.26891421857370795
6,total,16,random6,1,14,448,0.6355545217056547,0.324311914521532,0.2365725504751775,0.4145798302312479
6,total,16,random6,2,13,416,0.6441932394099722,0.3010557909915216,0.2180567126526005,0.3877240602275482
6,total,16,random6,3,12,384,0.5986492608255191,0.35930829118116625,0.2618696090793125,0.4598030699497693
6,total,16,random6,4,11,352,0.6508741783606488,0.3030266402898341,0.20623869252586421,0.40533718124021667
6,total,16,random6,5,10,320,0.6906984034009467,0.2543596761096199,0.17328431649563375,0.3387380735882048
6,total,16,random6,6,9,288,0.7878161852892647,0.18003635612184796,0.09781210935845781,0.27498302931142865
6,total,16,random6,7,8,256,0.7489053558298275,0.20402783240000733,0.12020799446968133,0.29716566633068464
6,total,16,random6,8,7,224,0.8071558682411949,0.14792552667445363,0.08299067940416117,0.21672850512867495
6,total,16,random6,9,6,192,0.7883386731883871,0.15722064815279513,0.09414556427172485,0.229532497285856
6,total,16,random6,10,5,160,0.8299595336611297,0.1063889608441621,0.047689641266129804,0.16991458908283555
6,total,16,random6,11,4,128,0.8022841835925152,0.13130019146050012,0.07251283186007494,0.1912392227667321
6,total,16,random6,12,3,96,0.8818939650838703,0.06803356219290795,0.02220408300988729,0.1250004841892233
6,total,16,random6,13,2,64,0.8975778194833142,0.039318543266274736,0.001584980256098122,0.0811608954710023
6,total,16,random6,14,1,32,0.9180685471383703,0.043088545450279514,0.01000312802177536,0.08896638453948737
6,total,16,random6,15,0,0,0.9498919158788663,0.0,0.0,0.0
6,total,16,oracle,0,15,480,0.9925745534793112,0.0,0.0,0.0
6,total,16,oracle,1,14,448,0.9950606341994899,0.0,0.0,0.0
6,total,16,oracle,2,13,416,0.9906634306769675,0.0,0.0,0.0
6,total,16,oracle,3,12,384,0.9950488888169013,0.0,0.0,0.0
6,total,16,oracle,4,11,352,0.994656702146851,0.0,0.0,0.0
6,total,16,oracle,5,10,320,0.9945321320583398,0.0,0.0,0.0
6,total,16,oracle,6,9,288,0.9967615483589112,0.0,0.0,0.0
6,total,16,oracle,7,8,256,0.994861038200425,0.0,0.0,0.0
6,total,16,oracle,8,7,224,0.9931410420704248,0.0,0.0,0.0
6,total,16,oracle,9,6,192,0.9927300977442701,0.0,0.0,0.0
6,total,16,oracle,10,5,160,0.9879654518625565,0.0,0.0,0.0
6,total,16,oracle,11,4,128,0.9878491892625023,0.0,0.0,0.0
6,total,16,oracle,12,3,96,0.99410171900502,0.0,0.0,0.0
6,total,16,oracle,13,2,64,0.9953888064718566,0.0,0.0,0.0
6,total,16,oracle,14,1,32,0.9941189283878079,0.0,0.0,0.0
6,total,16,oracle,15,0,0,0.9938821426688232,0.0,0.0,0.0
