overlap,regime,load,family,metric,mean,lower95,upper95
2,per_pair,2,native4,retention,0.9756725154478807,0.9566295166306104,0.9895311888609701
2,per_pair,2,native4,worst_pair,0.9589806687826584,0.9297707136348071,0.9814492657305042
2,per_pair,2,native4,new_learning,0.9921859789151859,0.9864471879667672,0.9965670792879784
2,per_pair,2,native4,forgetting,0.016513463467305162,0.005617071047661679,0.031005419322024826
2,per_pair,2,native4,noise_retention,0.9549054862592391,0.9319213632645695,0.9740615805837259
2,per_pair,2,native4,reversal,0.971333528179626,0.9353014136177654,0.9949955587174526
2,per_pair,2,native4,unchanged_after_reversal,0.9262028045485236,0.8550512398564666,0.9797622077344024
2,per_pair,2,native4,noise_reversal,0.959946852755579,0.9281638516350345,0.9835297138483117
2,per_pair,2,native6,retention,0.987435530955048,0.9799302635447946,0.9935026127591362
2,per_pair,2,native6,worst_pair,0.9778284484630693,0.9637212896376108,0.9888016220785613
2,per_pair,2,native6,new_learning,0.990861682555239,0.9838801572791879,0.9959905282876033
2,per_pair,2,native6,forgetting,0.003426151600190974,0.0007229626439952378,0.006767696164927498
2,per_pair,2,native6,noise_retention,0.9734736954922516,0.9629955019560696,0.9827396040697487
2,per_pair,2,native6,reversal,0.9892777023986397,0.9792156934082198,0.9966228295533532
2,per_pair,2,native6,unchanged_after_reversal,0.9311532929286694,0.8645148477709047,0.9826121710141359
2,per_pair,2,native6,noise_reversal,0.9799309318597833,0.9679065845315046,0.9898321750106007
2,per_pair,2,direct,retention,0.988454160120646,0.9772260971420673,0.9962905037114482
2,per_pair,2,direct,worst_pair,0.9780964640532601,0.9560744940729464,0.9935387607686206
2,per_pair,2,direct,new_learning,0.991502548023788,0.9819450545417308,0.9970107055350098
2,per_pair,2,direct,forgetting,0.003048387903141974,-0.00026196096918868264,0.008096851574662806
2,per_pair,2,direct,noise_retention,0.9789409935839575,0.9647454342063008,0.9895697087141461
2,per_pair,2,direct,reversal,0.9953443655830423,0.9918248864394449,0.9979747709372927
2,per_pair,2,direct,unchanged_after_reversal,0.9722433378434634,0.9332475436478357,0.9941233898403463
2,per_pair,2,direct,noise_reversal,0.9889617188764505,0.9825076886638819,0.993960723978727
2,per_pair,2,random4,retention,0.9722974072579971,0.9584612949689149,0.9840034716855415
2,per_pair,2,random4,worst_pair,0.948399577407862,0.9211772327060379,0.9712983305479762
2,per_pair,2,random4,new_learning,0.9849731108184872,0.97378290792194,0.9927974060909063
2,per_pair,2,random4,forgetting,0.012675703560490144,0.0046088997156833985,0.02314412547856613
2,per_pair,2,random4,noise_retention,0.9493277967816136,0.9359190129424386,0.961563804380196
2,per_pair,2,random4,reversal,0.9723417391916431,0.9561094471738079,0.986552842602721
2,per_pair,2,random4,unchanged_after_reversal,0.876074537845053,0.7926287949454636,0.9445221522921061
2,per_pair,2,random4,noise_reversal,0.9525497216134098,0.9314468357358495,0.9714442359915245
2,per_pair,2,random6,retention,0.982495797952484,0.9729283417258414,0.9904328237589142
2,per_pair,2,random6,worst_pair,0.9672615753754938,0.9484766557315484,0.9826734848315053
2,per_pair,2,random6,new_learning,0.9887662018756472,0.9806102506690796,0.9946091123213102
2,per_pair,2,random6,forgetting,0.00627040392316321,0.0017106922132340428,0.012095439650067612
2,per_pair,2,random6,noise_retention,0.9601808475021111,0.9474903024784902,0.9715992498195936
2,per_pair,2,random6,reversal,0.988655906279948,0.9806936610124973,0.9948560766696477
2,per_pair,2,random6,unchanged_after_reversal,0.9123067558320035,0.8423614595698032,0.9693543123946167
2,per_pair,2,random6,noise_reversal,0.9730911154610679,0.9605134363166143,0.9836940442383387
2,per_pair,2,oracle,retention,0.9964459363835397,0.9940440876594326,0.9982987590634607
2,per_pair,2,oracle,worst_pair,0.9933916767339606,0.9886883274066147,0.9970301438986714
2,per_pair,2,oracle,new_learning,0.9964459363835397,0.9940440876594326,0.9982987590634607
2,per_pair,2,oracle,forgetting,0.0,0.0,0.0
2,per_pair,2,oracle,noise_retention,0.9964459363835397,0.9940440876594326,0.9982987590634607
2,per_pair,2,oracle,reversal,0.9943507607416577,0.9888518152007649,0.9983445014631042
2,per_pair,2,oracle,unchanged_after_reversal,0.9955452882275917,0.9911519215248547,0.998629840374531
2,per_pair,2,oracle,noise_reversal,0.9943507607416577,0.9888518152007649,0.9983445014631042
2,per_pair,4,native4,retention,0.9181449491537013,0.886979794432465,0.9458466339631023
2,per_pair,4,native4,worst_pair,0.7351803508557393,0.6430987994480132,0.8221708656021128
2,per_pair,4,native4,new_learning,0.991810076779823,0.9876934365719193,0.995376876241295
2,per_pair,4,native4,forgetting,0.07366512762612168,0.04712923415790119,0.10355550312735291
2,per_pair,4,native4,noise_retention,0.89459145488616,0.864998671136436,0.9208900666481232
2,per_pair,4,native4,reversal,0.953347288502072,0.9187760488285649,0.9783777836097746
2,per_pair,4,native4,unchanged_after_reversal,0.8377986465590701,0.7559908372023396,0.9091134983652946
2,per_pair,4,native4,noise_reversal,0.920188649547299,0.8897874260746185,0.9446553208540286
2,per_pair,4,native6,retention,0.9615731285086707,0.9406416432106055,0.9792700858289769
2,per_pair,4,native6,worst_pair,0.8646624109047093,0.7839018875675564,0.9316753975248789
2,per_pair,4,native6,new_learning,0.9915669686658712,0.987566654171663,0.9950372097918243
2,per_pair,4,native6,forgetting,0.029993840157200607,0.012507390861840113,0.050573092241864424
2,per_pair,4,native6,noise_retention,0.9415221602125919,0.9223338494388164,0.9578635488670254
2,per_pair,4,native6,reversal,0.9630606519676135,0.9328100793102173,0.9857296370530282
2,per_pair,4,native6,unchanged_after_reversal,0.8468528248718911,0.7598380536548154,0.9235889491916396
2,per_pair,4,native6,noise_reversal,0.9429576852408409,0.9177866712917784,0.964102391550873
2,per_pair,4,direct,retention,0.9820629300916022,0.9681374311700168,0.9910318843183606
2,per_pair,4,direct,worst_pair,0.938744887909622,0.8839462101003399,0.9727749270964098
2,per_pair,4,direct,new_learning,0.992203279994322,0.9871358155154262,0.9956154939766965
2,per_pair,4,direct,forgetting,0.010140349902719805,-5.760672424669852e-05,0.02426419917811153
2,per_pair,4,direct,noise_retention,0.9666067552220562,0.9532818869853344,0.9768725584010864
2,per_pair,4,direct,reversal,0.9774431538958888,0.9561687371437265,0.9913645528189854
2,per_pair,4,direct,unchanged_after_reversal,0.9318097993405116,0.8774505346090207,0.974879438634668
2,per_pair,4,direct,noise_reversal,0.9632621519956048,0.9415830239900689,0.9792938837594111
2,per_pair,4,random4,retention,0.9215255550979959,0.8952592587000877,0.9442541037453902
2,per_pair,4,random4,worst_pair,0.7632907556330852,0.6941198317203288,0.8280204541686712
2,per_pair,4,random4,new_learning,0.9882167945104825,0.9822694161672438,0.9931229371278052
2,per_pair,4,random4,forgetting,0.0666912394124866,0.04464065137754048,0.09212142276225549
2,per_pair,4,random4,noise_retention,0.8922826050053072,0.8685457240377633,0.9142194727574534
2,per_pair,4,random4,reversal,0.9479155113621233,0.9265570771306213,0.9670331383665017
2,per_pair,4,random4,unchanged_after_reversal,0.8005311411631393,0.7327179903135691,0.8638239930360814
2,per_pair,4,random4,noise_reversal,0.9197327194677003,0.9004978760298791,0.9372499460683118
2,per_pair,4,random6,retention,0.9540899418281374,0.9322036283730883,0.9719901163477765
2,per_pair,4,random6,worst_pair,0.8517418765379731,0.7808665685870603,0.9105238812881804
2,per_pair,4,random6,new_learning,0.9911084805194379,0.9869245868158312,0.9944202890091366
2,per_pair,4,random6,forgetting,0.03701853869130048,0.019716454330044982,0.058499420262994296
2,per_pair,4,random6,noise_retention,0.9227892428820902,0.9004247544073907,0.9424304415166043
2,per_pair,4,random6,reversal,0.9719388170342116,0.9578521228991326,0.9841234909554489
2,per_pair,4,random6,unchanged_after_reversal,0.8409471689238763,0.778227955415575,0.8996166284840621
2,per_pair,4,random6,noise_reversal,0.9442095388048766,0.9299354007021889,0.9572912444713392
2,per_pair,4,oracle,retention,0.9968170332668411,0.9954231095585246,0.9979979044419481
2,per_pair,4,oracle,worst_pair,0.9900247076563211,0.9846863376607693,0.9944944046727248
2,per_pair,4,oracle,new_learning,0.9968170332668411,0.9954231095585246,0.9979979044419481
2,per_pair,4,oracle,forgetting,0.0,0.0,0.0
2,per_pair,4,oracle,noise_retention,0.9968170332668411,0.9954231095585246,0.9979979044419481
2,per_pair,4,oracle,reversal,0.990930709642818,0.9813109723430383,0.9969719475292634
2,per_pair,4,oracle,unchanged_after_reversal,0.9956433160855201,0.9928993891966144,0.9978557971973292
2,per_pair,4,oracle,noise_reversal,0.990930709642818,0.9813109723430383,0.9969719475292634
2,per_pair,8,native4,retention,0.8178921456472386,0.7770253739782561,0.8557114033412178
2,per_pair,8,native4,worst_pair,0.30857874080520714,0.22606361802874897,0.39583906539606306
2,per_pair,8,native4,new_learning,0.9906622478398063,0.9862645918162706,0.9943525119019557
2,per_pair,8,native4,forgetting,0.17277010219256783,0.13606245191995198,0.21292154719835565
2,per_pair,8,native4,noise_retention,0.7975388598690396,0.763747418348202,0.8276914086573725
2,per_pair,8,native4,reversal,0.8961260025544997,0.8556172442528269,0.9323012050809911
2,per_pair,8,native4,unchanged_after_reversal,0.7165634377574559,0.6623055165580477,0.7702621707027255
2,per_pair,8,native4,noise_reversal,0.8683216511238397,0.8332486005626744,0.9004154591336858
2,per_pair,8,native6,retention,0.9041661462269951,0.876293093703097,0.9296711190679324
2,per_pair,8,native6,worst_pair,0.528816540174367,0.4181855825657421,0.6359913114770415
2,per_pair,8,native6,new_learning,0.9928546528013482,0.9906136300349777,0.9948145613409547
2,per_pair,8,native6,forgetting,0.08868850657435307,0.06326225862441928,0.11666218671802009
2,per_pair,8,native6,noise_retention,0.8668125143476961,0.838987558851213,0.8921610286946574
2,per_pair,8,native6,reversal,0.9151221904461715,0.873513420967888,0.9523519995536045
2,per_pair,8,native6,unchanged_after_reversal,0.8110778056997017,0.757155131092285,0.8613308017876733
2,per_pair,8,native6,noise_reversal,0.8941934829737723,0.8592742871032721,0.9258797801191431
2,per_pair,8,direct,retention,0.960955898540612,0.9483860068846665,0.9720876572303426
2,per_pair,8,direct,worst_pair,0.7795366520886647,0.691427586544524,0.8537524852819752
2,per_pair,8,direct,new_learning,0.9928112863404557,0.9902268416092751,0.9947267532035037
2,per_pair,8,direct,forgetting,0.03185538779984371,0.0211713355526858,0.04420113665044288
2,per_pair,8,direct,noise_retention,0.9349834125882037,0.922153309740563,0.9467448834179408
2,per_pair,8,direct,reversal,0.95700527742132,0.9300678839669303,0.978419845786762
2,per_pair,8,direct,unchanged_after_reversal,0.874890802268422,0.8376441661772147,0.9117396185779161
2,per_pair,8,direct,noise_reversal,0.9393767676805558,0.914580631305896,0.9599938095886885
2,per_pair,8,random4,retention,0.7952167656971321,0.7674826972667221,0.8219903506828268
2,per_pair,8,random4,worst_pair,0.2737472313407416,0.20879638163249295,0.3438371495562006
2,per_pair,8,random4,new_learning,0.9900079429597224,0.9867622257188494,0.9929017731603951
2,per_pair,8,random4,forgetting,0.1947911772625901,0.16866850785347562,0.22209562794891444
2,per_pair,8,random4,noise_retention,0.7662902395518363,0.7423155272318003,0.7898353922256843
2,per_pair,8,random4,reversal,0.8536387766507934,0.8143421561930204,0.8905924555609063
2,per_pair,8,random4,unchanged_after_reversal,0.6749583369494838,0.6391551848008613,0.711257331459306
2,per_pair,8,random4,noise_reversal,0.8222491105953866,0.7876982549700929,0.8552439475166336
2,per_pair,8,random6,retention,0.8724183286858583,0.8501816862018526,0.8933774957880067
2,per_pair,8,random6,worst_pair,0.4406303909677599,0.3640579137243434,0.5155244989308662
2,per_pair,8,random6,new_learning,0.9915748559268376,0.9891469913491802,0.9936616670219386
2,per_pair,8,random6,forgetting,0.11915652724097911,0.09863693674723234,0.14089676561763734
2,per_pair,8,random6,noise_retention,0.8287348336140097,0.8087351752239449,0.8483894867402078
2,per_pair,8,random6,reversal,0.893884235649546,0.8643768241834783,0.9219501539876324
2,per_pair,8,random6,unchanged_after_reversal,0.7655257390287898,0.7227466528285501,0.8085453167936847
2,per_pair,8,random6,noise_reversal,0.8648231813761058,0.8371918410513761,0.891105949150303
2,per_pair,8,oracle,retention,0.9970663232540545,0.9961450603628839,0.9978615821134666
2,per_pair,8,oracle,worst_pair,0.9852523492721312,0.9792381482259536,0.9904757637780842
2,per_pair,8,oracle,new_learning,0.9970663232540545,0.9961450603628839,0.9978615821134666
2,per_pair,8,oracle,forgetting,0.0,0.0,0.0
2,per_pair,8,oracle,noise_retention,0.9970663232540545,0.9961450603628839,0.9978615821134666
2,per_pair,8,oracle,reversal,0.9949120444511059,0.9901313736472368,0.9979414522879769
2,per_pair,8,oracle,unchanged_after_reversal,0.9963282264423455,0.9945753108047997,0.9978011224063906
2,per_pair,8,oracle,noise_reversal,0.9949120444511059,0.9901313736472368,0.9979414522879769
2,per_pair,16,native4,retention,0.7047954331255439,0.6732351302222115,0.7366242647045969
2,per_pair,16,native4,worst_pair,0.03792822720758007,0.020975936653557053,0.057215964385876464
2,per_pair,16,native4,new_learning,0.9903743375722842,0.9873875778951343,0.9931013539073945
2,per_pair,16,native4,forgetting,0.28557890444674017,0.2538920349626019,0.31696029505411866
2,per_pair,16,native4,noise_retention,0.6828572124585534,0.6564054887722421,0.7099129850272475
2,per_pair,16,native4,reversal,0.7655918405508404,0.7284089481544852,0.80131134675014
2,per_pair,16,native4,unchanged_after_reversal,0.5955448939190096,0.5542923081507523,0.63477244305266
2,per_pair,16,native4,noise_reversal,0.7453035287741404,0.7124024612212166,0.7766333560277837
2,per_pair,16,native6,retention,0.7875651484643422,0.7590816643656444,0.8164346155275721
2,per_pair,16,native6,worst_pair,0.10288766540423168,0.056028971318630445,0.16092619010181397
2,per_pair,16,native6,new_learning,0.989506417628669,0.9855763358254325,0.9927433622768135
2,per_pair,16,native6,forgetting,0.2019412691643268,0.17419730355513222,0.22898621517611714
2,per_pair,16,native6,noise_retention,0.7485708681211144,0.7223731868272184,0.7752899533394516
2,per_pair,16,native6,reversal,0.8162820886009148,0.780955166974198,0.8494216041561096
2,per_pair,16,native6,unchanged_after_reversal,0.6840132372481048,0.6406191451306903,0.726651801932685
2,per_pair,16,native6,noise_reversal,0.7825113714188339,0.7514488829512206,0.8122198008920691
2,per_pair,16,direct,retention,0.8706524675355877,0.8460678234943552,0.894505193715081
2,per_pair,16,direct,worst_pair,0.2885622268489154,0.20216756055772098,0.38190633144235725
2,per_pair,16,direct,new_learning,0.9914486410614438,0.9887422809303388,0.9936609140112981
2,per_pair,16,direct,forgetting,0.1207961735258561,0.09686824894359464,0.14559807067758188
2,per_pair,16,direct,noise_retention,0.8435188817879118,0.8224838373198946,0.8640593581443283
2,per_pair,16,direct,reversal,0.8794243777557873,0.8496140083097817,0.9072879580976002
2,per_pair,16,direct,unchanged_after_reversal,0.746498296310981,0.7012521853686665,0.7921474311385798
2,per_pair,16,direct,noise_reversal,0.8573996679863668,0.8306405020310621,0.8824435289843083
2,per_pair,16,random4,retention,0.695992839397842,0.6718905219850957,0.7198347466193031
2,per_pair,16,random4,worst_pair,0.053189261110485095,0.03445669386132495,0.0740785047685451
2,per_pair,16,random4,new_learning,0.9883501414372577,0.9845957083835772,0.9914729486962807
2,per_pair,16,random4,forgetting,0.2923573020394158,0.26827485194682305,0.3169351772076315
2,per_pair,16,random4,noise_retention,0.6707407560670458,0.6502957797640072,0.6910948582866376
2,per_pair,16,random4,reversal,0.7611603237985142,0.7365624119292092,0.7866280780678633
2,per_pair,16,random4,unchanged_after_reversal,0.5741269882348027,0.5406579153585644,0.6081220988741183
2,per_pair,16,random4,noise_reversal,0.7359562687815002,0.7123295948062299,0.7606778973454862
2,per_pair,16,random6,retention,0.7694325396001356,0.7440652273405163,0.794053029582968
2,per_pair,16,random6,worst_pair,0.10838407590952985,0.07360481246610781,0.14652474747954422
2,per_pair,16,random6,new_learning,0.9903835569324504,0.9882804482053867,0.9923074163926519
2,per_pair,16,random6,forgetting,0.22095101733231487,0.19646087546935875,0.2459905498571271
2,per_pair,16,random6,noise_retention,0.731887022008861,0.7099018957219709,0.7535231351706048
2,per_pair,16,random6,reversal,0.7913218701544802,0.7626338978423283,0.8204133222773231
2,per_pair,16,random6,unchanged_after_reversal,0.6357054788496733,0.5987841349527219,0.6722905154473304
2,per_pair,16,random6,noise_reversal,0.7612150982700201,0.7346728242147382,0.7883611027367786
2,per_pair,16,oracle,retention,0.9964297713938827,0.9949493418724691,0.9974019831160397
2,per_pair,16,oracle,worst_pair,0.9685013723678264,0.9469719225355288,0.9818997255062129
2,per_pair,16,oracle,new_learning,0.9964297713938827,0.9949493418724691,0.9974019831160397
2,per_pair,16,oracle,forgetting,0.0,0.0,0.0
2,per_pair,16,oracle,noise_retention,0.9964297713938827,0.9949493418724691,0.9974019831160397
2,per_pair,16,oracle,reversal,0.9965560424791171,0.9941926589579916,0.9980611787905024
2,per_pair,16,oracle,unchanged_after_reversal,0.9963714085335118,0.9953630716975546,0.9972699180889728
2,per_pair,16,oracle,noise_reversal,0.9965560424791171,0.9941926589579916,0.9980611787905024
2,total,2,native4,retention,0.9425541238945314,0.9052148991049552,0.9733561728705592
2,total,2,native4,worst_pair,0.8884776032166266,0.8145300417233641,0.9489919075810934
2,total,2,native4,new_learning,0.9863102777444706,0.9684910309010635,0.9970240503833104
2,total,2,native4,forgetting,0.043756153849939125,0.018071092795264202,0.0764928125996561
2,total,2,native4,noise_retention,0.9306148787247321,0.896979172413338,0.9598071947577912
2,total,2,native4,reversal,0.970238393220565,0.9317362652463396,0.9942207821564817
2,total,2,native4,unchanged_after_reversal,0.8996095938610033,0.802999254553035,0.9774868500370176
2,total,2,native4,noise_reversal,0.963438071424811,0.9377280659153888,0.9833900475464379
2,total,2,native6,retention,0.9785236023119372,0.9516023920463362,0.9933782093959342
2,total,2,native6,worst_pair,0.9581168234028419,0.9043302132416444,0.987803516302082
2,total,2,native6,new_learning,0.9933999032675624,0.9851869676280589,0.9979890585947004
2,total,2,native6,forgetting,0.014876300955625175,0.003784816621324446,0.03429077423226997
2,total,2,native6,noise_retention,0.9671833050191283,0.9430765511798197,0.9823031313787793
2,total,2,native6,reversal,0.9815200493870608,0.9559864338476305,0.9962270162085102
2,total,2,native6,unchanged_after_reversal,0.953395266578541,0.8959727217729351,0.989230788617441
2,total,2,native6,noise_reversal,0.9682352246254491,0.938405607224861,0.987381528180615
2,total,2,direct,retention,0.9917814316832523,0.9820800182705955,0.9971446081622197
2,total,2,direct,worst_pair,0.9843432596448588,0.9650436577798885,0.9949868251211115
2,total,2,direct,new_learning,0.9930789536080331,0.984087794721062,0.9980047527031058
2,total,2,direct,forgetting,0.0012975219247808954,0.0003168512730568445,0.002501588617598281
2,total,2,direct,noise_retention,0.9838884846179476,0.9720492047288708,0.9910872213568267
2,total,2,direct,reversal,0.9869753840571958,0.9678518495355838,0.99744040885421
2,total,2,direct,unchanged_after_reversal,0.9687450649318011,0.9262786884743851,0.9961187637453243
2,total,2,direct,noise_reversal,0.9787304895559996,0.9551272530324305,0.9924595963367859
2,total,2,random4,retention,0.9674933907767808,0.9432337993866005,0.985752458795311
2,total,2,random4,worst_pair,0.9372274044711144,0.8891481492108775,0.9733087210054465
2,total,2,random4,new_learning,0.9881452550203789,0.9724593998328785,0.9966288487107675
2,total,2,random4,forgetting,0.02065186424359817,0.00849578954565264,0.03530304625758006
2,total,2,random4,noise_retention,0.9509371049491229,0.9278924055810227,0.9689156670817795
2,total,2,random4,reversal,0.9799776991304203,0.9685599981918651,0.989910870123325
2,total,2,random4,unchanged_after_reversal,0.9029349357837357,0.824067537705116,0.9655369443165457
2,total,2,random4,noise_reversal,0.9568637614598667,0.9397826687034976,0.9721132068813113
2,total,2,random6,retention,0.9766747900137538,0.9560395833272407,0.9911459519697478
2,total,2,random6,worst_pair,0.9547205656594151,0.9134078512077722,0.9837000193220902
2,total,2,random6,new_learning,0.9919268460999144,0.982668230901623,0.9970519114545768
2,total,2,random6,forgetting,0.015252056086160544,0.0049383977745087486,0.028097085054809533
2,total,2,random6,noise_retention,0.9588729611300006,0.9396306738468685,0.9732772475348686
2,total,2,random6,reversal,0.9859789203780648,0.9720853777762966,0.9954220183899936
2,total,2,random6,unchanged_after_reversal,0.9269605268990084,0.8522455105717386,0.9817860491085754
2,total,2,random6,noise_reversal,0.9692978998989246,0.9519343926535435,0.982861112023183
2,total,2,oracle,retention,0.9960136644719,0.9914348508680287,0.9986115950374614
2,total,2,oracle,worst_pair,0.9925636051868838,0.9834694427617681,0.9976898703231452
2,total,2,oracle,new_learning,0.9960136644719,0.9914348508680287,0.9986115950374614
2,total,2,oracle,forgetting,0.0,0.0,0.0
2,total,2,oracle,noise_retention,0.9960136644719,0.9914348508680287,0.9986115950374614
2,total,2,oracle,reversal,0.9930464771887423,0.9830535937559525,0.9987455241419226
2,total,2,oracle,unchanged_after_reversal,0.9989675210213167,0.998410064490844,0.9994051116459978
2,total,2,oracle,noise_reversal,0.9930464771887423,0.9830535937559525,0.9987455241419226
2,total,4,native4,retention,0.9181449491537013,0.886979794432465,0.9458466339631023
2,total,4,native4,worst_pair,0.7351803508557393,0.6430987994480132,0.8221708656021128
2,total,4,native4,new_learning,0.991810076779823,0.9876934365719193,0.995376876241295
2,total,4,native4,forgetting,0.07366512762612168,0.04712923415790119,0.10355550312735291
2,total,4,native4,noise_retention,0.89459145488616,0.864998671136436,0.9208900666481232
2,total,4,native4,reversal,0.953347288502072,0.9187760488285649,0.9783777836097746
2,total,4,native4,unchanged_after_reversal,0.8377986465590701,0.7559908372023396,0.9091134983652946
2,total,4,native4,noise_reversal,0.920188649547299,0.8897874260746185,0.9446553208540286
2,total,4,native6,retention,0.9615731285086707,0.9406416432106055,0.9792700858289769
2,total,4,native6,worst_pair,0.8646624109047093,0.7839018875675564,0.9316753975248789
2,total,4,native6,new_learning,0.9915669686658712,0.987566654171663,0.9950372097918243
2,total,4,native6,forgetting,0.029993840157200607,0.012507390861840113,0.050573092241864424
2,total,4,native6,noise_retention,0.9415221602125919,0.9223338494388164,0.9578635488670254
2,total,4,native6,reversal,0.9630606519676135,0.9328100793102173,0.9857296370530282
2,total,4,native6,unchanged_after_reversal,0.8468528248718911,0.7598380536548154,0.9235889491916396
2,total,4,native6,noise_reversal,0.9429576852408409,0.9177866712917784,0.964102391550873
2,total,4,direct,retention,0.9820629300916022,0.9681374311700168,0.9910318843183606
2,total,4,direct,worst_pair,0.938744887909622,0.8839462101003399,0.9727749270964098
2,total,4,direct,new_learning,0.992203279994322,0.9871358155154262,0.9956154939766965
2,total,4,direct,forgetting,0.010140349902719805,-5.760672424669852e-05,0.02426419917811153
2,total,4,direct,noise_retention,0.9666067552220562,0.9532818869853344,0.9768725584010864
2,total,4,direct,reversal,0.9774431538958888,0.9561687371437265,0.9913645528189854
2,total,4,direct,unchanged_after_reversal,0.9318097993405116,0.8774505346090207,0.974879438634668
2,total,4,direct,noise_reversal,0.9632621519956048,0.9415830239900689,0.9792938837594111
2,total,4,random4,retention,0.9215255550979959,0.8952592587000877,0.9442541037453902
2,total,4,random4,worst_pair,0.7632907556330852,0.6941198317203288,0.8280204541686712
2,total,4,random4,new_learning,0.9882167945104825,0.9822694161672438,0.9931229371278052
2,total,4,random4,forgetting,0.0666912394124866,0.04464065137754048,0.09212142276225549
2,total,4,random4,noise_retention,0.8922826050053072,0.8685457240377633,0.9142194727574534
2,total,4,random4,reversal,0.9479155113621233,0.9265570771306213,0.9670331383665017
2,total,4,random4,unchanged_after_reversal,0.8005311411631393,0.7327179903135691,0.8638239930360814
2,total,4,random4,noise_reversal,0.9197327194677003,0.9004978760298791,0.9372499460683118
2,total,4,random6,retention,0.9540899418281374,0.9322036283730883,0.9719901163477765
2,total,4,random6,worst_pair,0.8517418765379731,0.7808665685870603,0.9105238812881804
2,total,4,random6,new_learning,0.9911084805194379,0.9869245868158312,0.9944202890091366
2,total,4,random6,forgetting,0.03701853869130048,0.019716454330044982,0.058499420262994296
2,total,4,random6,noise_retention,0.9227892428820902,0.9004247544073907,0.9424304415166043
2,total,4,random6,reversal,0.9719388170342116,0.9578521228991326,0.9841234909554489
2,total,4,random6,unchanged_after_reversal,0.8409471689238763,0.778227955415575,0.8996166284840621
2,total,4,random6,noise_reversal,0.9442095388048766,0.9299354007021889,0.9572912444713392
2,total,4,oracle,retention,0.9968170332668411,0.9954231095585246,0.9979979044419481
2,total,4,oracle,worst_pair,0.9900247076563211,0.9846863376607693,0.9944944046727248
2,total,4,oracle,new_learning,0.9968170332668411,0.9954231095585246,0.9979979044419481
2,total,4,oracle,forgetting,0.0,0.0,0.0
2,total,4,oracle,noise_retention,0.9968170332668411,0.9954231095585246,0.9979979044419481
2,total,4,oracle,reversal,0.990930709642818,0.9813109723430383,0.9969719475292634
2,total,4,oracle,unchanged_after_reversal,0.9956433160855201,0.9928993891966144,0.9978557971973292
2,total,4,oracle,noise_reversal,0.990930709642818,0.9813109723430383,0.9969719475292634
2,total,8,native4,retention,0.8340840376735854,0.7994926793047762,0.8670738111515094
2,total,8,native4,worst_pair,0.3607601661951383,0.2713406968383779,0.4540423358141372
2,total,8,native4,new_learning,0.979964655617455,0.9712528257707049,0.9871730554616389
2,total,8,native4,forgetting,0.14588061794386958,0.11354104770689513,0.18054753448386
2,total,8,native4,noise_retention,0.8062198301304545,0.7762571727043226,0.8342231903113991
2,total,8,native4,reversal,0.8955756253872034,0.856057099274567,0.9314125879897215
2,total,8,native4,unchanged_after_reversal,0.7180048960637477,0.6622058998067074,0.7733677203421752
2,total,8,native4,noise_reversal,0.8681930064853476,0.8331398255897435,0.9004724485189296
2,total,8,native6,retention,0.8847216423439482,0.8611426509476756,0.9069759179235124
2,total,8,native6,worst_pair,0.4692328324569099,0.3739557532368774,0.5648762460974084
2,total,8,native6,new_learning,0.9810448904902402,0.9727835175329069,0.9880785769379876
2,total,8,native6,forgetting,0.096323248146292,0.07537184440816211,0.11983804118198685
2,total,8,native6,noise_retention,0.8510687789717712,0.8283289426512611,0.87298032566761
2,total,8,native6,reversal,0.9182728761539086,0.88024925325615,0.9529136581272465
2,total,8,native6,unchanged_after_reversal,0.7888644768388915,0.7385664928292234,0.8377257085460136
2,total,8,native6,noise_reversal,0.8989820315775456,0.8663783031813627,0.9287324927186774
2,total,8,direct,retention,0.9430651547158345,0.928619724865992,0.9566288722197615
2,total,8,direct,worst_pair,0.7036479554408168,0.6102362157130925,0.7883444533448387
2,total,8,direct,new_learning,0.9789842848602245,0.9701346418415436,0.986498262558891
2,total,8,direct,forgetting,0.035919130144389945,0.023816580183085558,0.04880371573931427
2,total,8,direct,noise_retention,0.9165460384143783,0.9029527645109887,0.9296107692414923
2,total,8,direct,reversal,0.9533164317011391,0.9278721233062002,0.974945289493989
2,total,8,direct,unchanged_after_reversal,0.8504979833823192,0.8079118037378151,0.8923578918699568
2,total,8,direct,noise_reversal,0.9371276924742271,0.9138247094004026,0.9574033561818048
2,total,8,random4,retention,0.7978970247671597,0.7725457211386706,0.8228535267780271
2,total,8,random4,worst_pair,0.2835459038246624,0.2282038964553306,0.33940188652558856
2,total,8,random4,new_learning,0.971874893391983,0.9596131080446555,0.9824795407239832
2,total,8,random4,forgetting,0.1739778686248232,0.15292927128868303,0.19585743773292313
2,total,8,random4,noise_retention,0.768809830828215,0.7457031687509228,0.7918163211279896
2,total,8,random4,reversal,0.8570534810885272,0.8187495808195373,0.8926700292034583
2,total,8,random4,unchanged_after_reversal,0.6716630340974599,0.6376971358111013,0.7057652169463291
2,total,8,random4,noise_reversal,0.8260334299564666,0.7923774095071392,0.8578363023743034
2,total,8,random6,retention,0.8650536956591095,0.8469870556011169,0.8823405707368842
2,total,8,random6,worst_pair,0.43865168222199297,0.3784654579114079,0.4949689280921238
2,total,8,random6,new_learning,0.9785580879794544,0.9689843180560673,0.9866375924076919
2,total,8,random6,forgetting,0.11350439232034495,0.09904669339799284,0.1287635932197822
2,total,8,random6,noise_retention,0.821842903201454,0.8044312975908692,0.8388429529589939
2,total,8,random6,reversal,0.8961348517471858,0.8637927197785006,0.9256040632927867
2,total,8,random6,unchanged_after_reversal,0.7410173529029801,0.6981303824701109,0.7825825160764799
2,total,8,random6,noise_reversal,0.8682459528316898,0.8388583942704999,0.8953933768188332
2,total,8,oracle,retention,0.9947810577716188,0.9925733813605333,0.9966155038825555
2,total,8,oracle,worst_pair,0.9741837736370444,0.9591942372680343,0.9851701650161858
2,total,8,oracle,new_learning,0.9947810577716188,0.9925733813605333,0.9966155038825555
2,total,8,oracle,forgetting,0.0,0.0,0.0
2,total,8,oracle,noise_retention,0.9947810577716188,0.9925733813605333,0.9966155038825555
2,total,8,oracle,reversal,0.9939885208231888,0.986909913614213,0.998111858711306
2,total,8,oracle,unchanged_after_reversal,0.9944759119701847,0.9921647255085879,0.9965656301055273
2,total,8,oracle,noise_reversal,0.9939885208231888,0.986909913614213,0.998111858711306
2,total,16,native4,retention,0.7421747834420429,0.7157250453387788,0.7689694856350776
2,total,16,native4,worst_pair,0.05730211451857719,0.035500716462297355,0.0810143967137924
2,total,16,native4,new_learning,0.9731539733510678,0.9656841885434687,0.979966307818036
2,total,16,native4,forgetting,0.23097918990902483,0.20529334078546893,0.25669796429089403
2,total,16,native4,noise_retention,0.7098755333719489,0.6871680134251161,0.7327055642668364
2,total,16,native4,reversal,0.7765195871649426,0.7431350932555837,0.8098568630944538
2,total,16,native4,unchanged_after_reversal,0.614683782033298,0.5730082836488761,0.6555916321602673
2,total,16,native4,noise_reversal,0.7529298600455173,0.7250345466774367,0.7808354298480781
2,total,16,native6,retention,0.7984425478108956,0.765725272024195,0.8292729106360086
2,total,16,native6,worst_pair,0.15646115753003553,0.09256115751009932,0.232817366122773
2,total,16,native6,new_learning,0.979583775587855,0.9752900787288104,0.9836303207765978
2,total,16,native6,forgetting,0.18114122777695937,0.15057286085853208,0.21355287593586503
2,total,16,native6,noise_retention,0.7536070298360333,0.7242629311172173,0.7815406701911247
2,total,16,native6,reversal,0.8217323164142402,0.7874052419235221,0.8541487589711463
2,total,16,native6,unchanged_after_reversal,0.6930384304750001,0.6464240865000271,0.7374355924290742
2,total,16,native6,noise_reversal,0.7886883345582776,0.7571246713732399,0.818949969214455
2,total,16,direct,retention,0.8726547506535207,0.848749175536257,0.8948661195799297
2,total,16,direct,worst_pair,0.33633898778771065,0.24902736760649657,0.4255292151747695
2,total,16,direct,new_learning,0.9753494621665757,0.9700332928815659,0.9800716025252109
2,total,16,direct,forgetting,0.10269471151305505,0.08114247833760042,0.12549148003692695
2,total,16,direct,noise_retention,0.8371627581607386,0.8159681668234651,0.8569557668442475
2,total,16,direct,reversal,0.8931380376244045,0.8659046375863332,0.9178149982396195
2,total,16,direct,unchanged_after_reversal,0.7275727681200133,0.6844183855323622,0.7718273987046488
2,total,16,direct,noise_reversal,0.8685395422740094,0.843529158283675,0.8916446005290544
2,total,16,random4,retention,0.7236938191533977,0.6996391476593451,0.7465653987697429
2,total,16,random4,worst_pair,0.07563778609140309,0.04732334499973107,0.1079636352552587
2,total,16,random4,new_learning,0.971009492343665,0.9650259874678417,0.9763546600380687
2,total,16,random4,forgetting,0.2473156731902672,0.22505324175821464,0.2708321626321873
2,total,16,random4,noise_retention,0.6920324065443482,0.6715328524196469,0.7117240183480965
2,total,16,random4,reversal,0.7629623610645679,0.7374498157578299,0.7888951581142734
2,total,16,random4,unchanged_after_reversal,0.572846620416929,0.5377487106159884,0.6082224447378815
2,total,16,random4,noise_reversal,0.739087790336571,0.7149144026062833,0.7639117615923613
2,total,16,random6,retention,0.7761074580269147,0.7515118889955175,0.7993780880725485
2,total,16,random6,worst_pair,0.13279928321641465,0.0941217823796475,0.17478172299843167
2,total,16,random6,new_learning,0.976872887158208,0.97260712556368,0.9807480307499463
2,total,16,random6,forgetting,0.2007654291312933,0.17759144283338996,0.22507661401257803
2,total,16,random6,noise_retention,0.7337538997107328,0.7130015019917325,0.7533838068415598
2,total,16,random6,reversal,0.7963980943999692,0.7675149017296043,0.8251992885713739
2,total,16,random6,unchanged_after_reversal,0.6358195519492711,0.6009518973156307,0.6709106899703478
2,total,16,random6,noise_reversal,0.7691538002576579,0.742384463494559,0.7960143696527092
2,total,16,oracle,retention,0.9938225277705118,0.9924620763226729,0.9950512623090235
2,total,16,oracle,worst_pair,0.9552122693373561,0.938258172121682,0.9694277227727659
2,total,16,oracle,new_learning,0.9938225277705118,0.9924620763226729,0.9950512623090235
2,total,16,oracle,forgetting,0.0,0.0,0.0
2,total,16,oracle,noise_retention,0.9938225277705118,0.9924620763226729,0.9950512623090235
2,total,16,oracle,reversal,0.9965123699167094,0.9945245754597489,0.9978833507481014
2,total,16,oracle,unchanged_after_reversal,0.9953199448540265,0.9937613499881611,0.9966069343803947
2,total,16,oracle,noise_reversal,0.9965123699167094,0.9945245754597489,0.9978833507481014
6,per_pair,2,native4,retention,0.9412433110864188,0.9142091715371863,0.9652689878251095
6,per_pair,2,native4,worst_pair,0.903746730879055,0.855185354767955,0.945815568829233
6,per_pair,2,native4,new_learning,0.9713605282290556,0.9543873156563302,0.9848388390659234
6,per_pair,2,native4,forgetting,0.030117217142636796,0.011633166692865751,0.052781700777520736
6,per_pair,2,native4,noise_retention,0.9130033351382126,0.8846186284819982,0.9380772381557348
6,per_pair,2,native4,reversal,0.9682882100006461,0.94958769698931,0.9836807868917418
6,per_pair,2,native4,unchanged_after_reversal,0.9121950038536175,0.8424430008780084,0.9663455742466064
6,per_pair,2,native4,noise_reversal,0.935767799373342,0.9168531258504335,0.9528425313407146
6,per_pair,2,native6,retention,0.9695787485601987,0.9535077823478066,0.9826854247175136
6,per_pair,2,native6,worst_pair,0.9487738262802796,0.917536171956798,0.973146163941056
6,per_pair,2,native6,new_learning,0.984765906429857,0.9790487440111302,0.9896982515148521
6,per_pair,2,native6,forgetting,0.015187157869658251,0.003727560554173781,0.030239103435038994
6,per_pair,2,native6,noise_retention,0.9353171261899647,0.9189166278769795,0.9505446093187818
6,per_pair,2,native6,reversal,0.9856446447719469,0.977968814233602,0.9916869651601089
6,per_pair,2,native6,unchanged_after_reversal,0.9317591041680215,0.8715763649524898,0.9785601883304397
6,per_pair,2,native6,noise_reversal,0.9504032368814233,0.9369058289903813,0.9628718500375694
6,per_pair,2,direct,retention,0.986126433360407,0.9820371470454957,0.9897284432343653
6,per_pair,2,direct,worst_pair,0.9773789230178395,0.969610029277002,0.9839356331083133
6,per_pair,2,direct,new_learning,0.989102157679831,0.9858832327395524,0.9919079905878958
6,per_pair,2,direct,forgetting,0.0029757243194240886,0.0006287221048237845,0.0061734094178030625
6,per_pair,2,direct,noise_retention,0.9676521837726497,0.960825205867711,0.9738890924148284
6,per_pair,2,direct,reversal,0.9881525536818976,0.9819617339793398,0.9931489941419207
6,per_pair,2,direct,unchanged_after_reversal,0.9549307840386388,0.914219630109028,0.9853915839814166
6,per_pair,2,direct,noise_reversal,0.9709069696480468,0.9602908570940122,0.9796806231903116
6,per_pair,2,random4,retention,0.9475058947035008,0.9264706560016235,0.9656793902347716
6,per_pair,2,random4,worst_pair,0.9136177262322345,0.8806475351271597,0.9431339788128963
6,per_pair,2,random4,new_learning,0.9676488310022758,0.953812871021367,0.9794689779580215
6,per_pair,2,random4,forgetting,0.020142936298775047,0.00930123324935062,0.0329072276240354
6,per_pair,2,random4,noise_retention,0.9003734581360375,0.8781012512088672,0.921060876171197
6,per_pair,2,random4,reversal,0.967647935413851,0.9513165848547956,0.9821090941144329
6,per_pair,2,random4,unchanged_after_reversal,0.8809881975493914,0.8195316921930522,0.9328028861644512
6,per_pair,2,random4,noise_reversal,0.9243351945908278,0.9041675046883209,0.9427000169321935
6,per_pair,2,random6,retention,0.9673855598627851,0.9540931308364001,0.9792608242526681
6,per_pair,2,random6,worst_pair,0.945063235739035,0.9208568171433504,0.9664870096443263
6,per_pair,2,random6,new_learning,0.983000900719274,0.9764606372807796,0.9886800252701536
6,per_pair,2,random6,forgetting,0.015615340856489,0.006004852304373072,0.02723811312003388
6,per_pair,2,random6,noise_retention,0.9215843094020613,0.9033710435414356,0.9384098764194732
6,per_pair,2,random6,reversal,0.9789510311804908,0.9638114549824347,0.9897346383830404
6,per_pair,2,random6,unchanged_after_reversal,0.9082546692972782,0.8474683694176632,0.9579869419439171
6,per_pair,2,random6,noise_reversal,0.9348205802528697,0.9141634612544248,0.9534578863174136
6,per_pair,2,oracle,retention,0.9970840542006351,0.9948439486404603,0.9986801934350745
6,per_pair,2,oracle,worst_pair,0.9946974697514843,0.9902105673267544,0.9978421174691859
6,per_pair,2,oracle,new_learning,0.9970840542006351,0.9948439486404603,0.9986801934350745
6,per_pair,2,oracle,forgetting,0.0,0.0,0.0
6,per_pair,2,oracle,noise_retention,0.9970840542006351,0.9948439486404603,0.9986801934350745
6,per_pair,2,oracle,reversal,0.9978905481398984,0.9963700699278158,0.9991132908727506
6,per_pair,2,oracle,unchanged_after_reversal,0.9969547993269485,0.9930038539484755,0.9992222740346448
6,per_pair,2,oracle,noise_reversal,0.9978905481398984,0.9963700699278158,0.9991132908727506
6,per_pair,4,native4,retention,0.8698103054446281,0.8307979695425622,0.9056619568661526
6,per_pair,4,native4,worst_pair,0.6401071078608436,0.5375988235499077,0.7382475536790768
6,per_pair,4,native4,new_learning,0.9737704937228769,0.9632648077038937,0.9827689460930187
6,per_pair,4,native4,forgetting,0.10396018827824882,0.06871915489103007,0.1430246930665796
6,per_pair,4,native4,noise_retention,0.8406978473719722,0.8067540895300306,0.8722387664668226
6,per_pair,4,native4,reversal,0.9443664087147638,0.9030967272132863,0.9756519470653932
6,per_pair,4,native4,unchanged_after_reversal,0.8003553643014834,0.7333876158561227,0.8623005856991509
6,per_pair,4,native4,noise_reversal,0.9095117814714277,0.8782543630190749,0.9339908957474813
6,per_pair,4,native6,retention,0.9213665431919857,0.8853738819865803,0.9510984682729958
6,per_pair,4,native6,worst_pair,0.7675979603341161,0.6694435101106508,0.8567649813766921
6,per_pair,4,native6,new_learning,0.9859582900680024,0.9813597126246009,0.9898768533481431
6,per_pair,4,native6,forgetting,0.06459174687601653,0.03515121452612746,0.10028123297058973
6,per_pair,4,native6,noise_retention,0.8788137417190638,0.8471688860666942,0.9061431747432436
6,per_pair,4,native6,reversal,0.9578350762953369,0.9298000290988612,0.9809759531952987
6,per_pair,4,native6,unchanged_after_reversal,0.8537089488352394,0.7930557942269035,0.9083281062297202
6,per_pair,4,native6,noise_reversal,0.9230051702816082,0.8952205631148227,0.9471179574272681
6,per_pair,4,direct,retention,0.9776166431405722,0.9717426170199719,0.983121047988883
6,per_pair,4,direct,worst_pair,0.9432995063508536,0.9261295979590236,0.9589331698470884
6,per_pair,4,direct,new_learning,0.989983506983152,0.9878108137704462,0.9919497172850424
6,per_pair,4,direct,forgetting,0.012366863842579762,0.007168129424029144,0.01806735936299462
6,per_pair,4,direct,noise_retention,0.9493483723191363,0.9393643471657668,0.9590055049371069
6,per_pair,4,direct,reversal,0.9798701935050015,0.9668631219160501,0.9896617268133179
6,per_pair,4,direct,unchanged_after_reversal,0.9460487856409875,0.9234011156058475,0.9659132990642201
6,per_pair,4,direct,noise_reversal,0.9571415820075808,0.9420855893175385,0.9701187778770605
6,per_pair,4,random4,retention,0.8872972771450596,0.8569714152832871,0.9159429987763975
6,per_pair,4,random4,worst_pair,0.6810789093420684,0.5984933963213791,0.761142209574451
6,per_pair,4,random4,new_learning,0.9700775594952686,0.9564597445915105,0.9813571873316114
6,per_pair,4,random4,forgetting,0.08278028235020912,0.059621689416252566,0.10715457946485632
6,per_pair,4,random4,noise_retention,0.8440481789628045,0.8161985726859569,0.8706890858087541
6,per_pair,4,random4,reversal,0.9394999482815009,0.9143778171637583,0.9626204651080356
6,per_pair,4,random4,unchanged_after_reversal,0.8001848085641827,0.7482013366154948,0.849713921124861
6,per_pair,4,random4,noise_reversal,0.8914538788273848,0.870708249616738,0.9115667430552307
6,per_pair,4,random6,retention,0.9281538724360292,0.902917602803729,0.9510420934505327
6,per_pair,4,random6,worst_pair,0.787419329758578,0.7105413931487535,0.8574418693314069
6,per_pair,4,random6,new_learning,0.9835575300351524,0.9771264254158771,0.9889256327296778
6,per_pair,4,random6,forgetting,0.055403657599123204,0.03547943907630356,0.07779500924820683
6,per_pair,4,random6,noise_retention,0.8750992039563199,0.8491687235881938,0.8993266975448959
6,per_pair,4,random6,reversal,0.9578160319515674,0.9406954243416542,0.9735030649156119
6,per_pair,4,random6,unchanged_after_reversal,0.842056465932895,0.7823265399087599,0.8947212812060846
6,per_pair,4,random6,noise_reversal,0.906986736439477,0.8877268351923612,0.9255921168390787
6,per_pair,4,oracle,retention,0.9969889256723985,0.9958260186414886,0.9979561849632357
6,per_pair,4,oracle,worst_pair,0.990475706744763,0.9859910773667379,0.9940906924762365
6,per_pair,4,oracle,new_learning,0.9969889256723985,0.9958260186414886,0.9979561849632357
6,per_pair,4,oracle,forgetting,0.0,0.0,0.0
6,per_pair,4,oracle,noise_retention,0.9969889256723985,0.9958260186414886,0.9979561849632357
6,per_pair,4,oracle,reversal,0.9981220082767133,0.9971152507944882,0.998956228853778
6,per_pair,4,oracle,unchanged_after_reversal,0.9970819323269461,0.9948729829178783,0.9987365917538613
6,per_pair,4,oracle,noise_reversal,0.9981220082767133,0.9971152507944882,0.998956228853778
6,per_pair,8,native4,retention,0.8222356771312705,0.7894452909958084,0.8553681723931902
6,per_pair,8,native4,worst_pair,0.3607786129333844,0.26489635180822674,0.46366411086383674
6,per_pair,8,native4,new_learning,0.9737748372329036,0.9629213491199548,0.9823057125380298
6,per_pair,8,native4,forgetting,0.151539160101633,0.1182568819143916,0.184577028389069
6,per_pair,8,native4,noise_retention,0.7813204733118483,0.7519380826533726,0.8117545402342957
6,per_pair,8,native4,reversal,0.8859706335618698,0.8520316095309296,0.9168498581063744
6,per_pair,8,native4,unchanged_after_reversal,0.7431472472362455,0.6904812204480996,0.7941259070732969
6,per_pair,8,native4,noise_reversal,0.8467079605328911,0.820822572345949,0.8715086392302273
6,per_pair,8,native6,retention,0.892946402033014,0.8672516845495019,0.9168761907248411
6,per_pair,8,native6,worst_pair,0.5506071427880284,0.4622978071824915,0.6396792263943814
6,per_pair,8,native6,new_learning,0.9863903492165813,0.9831468317597463,0.9892307759570534
6,per_pair,8,native6,forgetting,0.09344394718356717,0.07051357096978665,0.1181031543765615
6,per_pair,8,native6,noise_retention,0.8409064403430027,0.8164455630424005,0.8644619996296267
6,per_pair,8,native6,reversal,0.9191153799287568,0.8917260808913162,0.9448508055699193
6,per_pair,8,native6,unchanged_after_reversal,0.805462234014207,0.7583648476901327,0.850483505195104
6,per_pair,8,native6,noise_reversal,0.8742626794779066,0.8472679361251153,0.8992855354815548
6,per_pair,8,direct,retention,0.934245980176404,0.9099287199865569,0.9549528681718532
6,per_pair,8,direct,worst_pair,0.7237810758993904,0.6294380140057948,0.8106446076193272
6,per_pair,8,direct,new_learning,0.988993257865931,0.9873873783894034,0.9905074924522396
6,per_pair,8,direct,forgetting,0.054747277689526884,0.03389924809030462,0.07903596935740119
6,per_pair,8,direct,noise_retention,0.8978759421654703,0.8765761579072368,0.9167320491340093
6,per_pair,8,direct,reversal,0.9433065220388879,0.9222033809762782,0.9631024199366375
6,per_pair,8,direct,unchanged_after_reversal,0.8560084014305209,0.8184364623610555,0.890463658586024
6,per_pair,8,direct,noise_reversal,0.9115499896274647,0.8917364560039396,0.9308437234717931
6,per_pair,8,random4,retention,0.8313833997044112,0.8023812291567582,0.858648650844848
6,per_pair,8,random4,worst_pair,0.38472971478430673,0.31462857005535966,0.4566121255022562
6,per_pair,8,random4,new_learning,0.9722179196421241,0.9596511468336351,0.9824083983933621
6,per_pair,8,random4,forgetting,0.14083451993771293,0.11680685538596919,0.1669405243334923
6,per_pair,8,random4,noise_retention,0.7850874540220307,0.7607702908119858,0.8086355203067491
6,per_pair,8,random4,reversal,0.8722431781524966,0.8390933634415165,0.9007431697213675
6,per_pair,8,random4,unchanged_after_reversal,0.6670311180403672,0.6262661357699659,0.7060315790372206
6,per_pair,8,random4,noise_reversal,0.824009719679941,0.7982347953742344,0.8473259443125146
6,per_pair,8,random6,retention,0.8749665259436179,0.8501339374430421,0.8991450159082414
6,per_pair,8,random6,worst_pair,0.506787828029038,0.4218379469350514,0.5921325621834607
6,per_pair,8,random6,new_learning,0.9842174584401919,0.9782389539170346,0.9887959801357831
6,per_pair,8,random6,forgetting,0.10925093249657405,0.08664491276242836,0.13251777735281214
6,per_pair,8,random6,noise_retention,0.820721813905319,0.7984474808478224,0.842689822452253
6,per_pair,8,random6,reversal,0.8914064769043006,0.8572328900520116,0.9204287582734103
6,per_pair,8,random6,unchanged_after_reversal,0.7262391312252675,0.6786806888499587,0.7713744830028297
6,per_pair,8,random6,noise_reversal,0.8420748341391382,0.8129659344395047,0.8679764849649858
6,per_pair,8,oracle,retention,0.9974982631061149,0.9968617812815006,0.9980617070889034
6,per_pair,8,oracle,worst_pair,0.9873115783109692,0.9826405876006751,0.9911771739862608
6,per_pair,8,oracle,new_learning,0.9974982631061149,0.9968617812815006,0.9980617070889034
6,per_pair,8,oracle,forgetting,0.0,0.0,0.0
6,per_pair,8,oracle,noise_retention,0.9974982631061149,0.9968617812815006,0.9980617070889034
6,per_pair,8,oracle,reversal,0.9982792881176552,0.9977638232858383,0.9987365128725076
6,per_pair,8,oracle,unchanged_after_reversal,0.9973814787285187,0.9960833979474012,0.9984308757039442
6,per_pair,8,oracle,noise_reversal,0.9982792881176552,0.9977638232858383,0.9987365128725076
6,per_pair,16,native4,retention,0.71137451944619,0.6822652910221704,0.7405439507194658
6,per_pair,16,native4,worst_pair,0.0689862047851796,0.04243669852062676,0.10366856384377922
6,per_pair,16,native4,new_learning,0.9735219095057489,0.963954093401652,0.9816365404459879
6,per_pair,16,native4,forgetting,0.2621473900595589,0.23573485343136683,0.28875466783782533
6,per_pair,16,native4,noise_retention,0.6827711267380767,0.6595935545098414,0.7064117007013284
6,per_pair,16,native4,reversal,0.8094962905573373,0.7796020074366699,0.8399142390601372
6,per_pair,16,native4,unchanged_after_reversal,0.6291908999458522,0.5864137303495349,0.67333878379523
6,per_pair,16,native4,noise_reversal,0.7705331423042165,0.7455177372030988,0.7966187272492431
6,per_pair,16,native6,retention,0.7873865879661223,0.75872508135437,0.8133520334079622
6,per_pair,16,native6,worst_pair,0.1135235033584653,0.06907877435317232,0.16388837241614176
6,per_pair,16,native6,new_learning,0.9864595090466108,0.9829888292717198,0.9891936468269192
6,per_pair,16,native6,forgetting,0.19907292108048863,0.1742746557288336,0.22559789904345695
6,per_pair,16,native6,noise_retention,0.7433528199845427,0.7186338151225281,0.7667902644551055
6,per_pair,16,native6,reversal,0.8469215302041099,0.810798208320906,0.8782720062409829
6,per_pair,16,native6,unchanged_after_reversal,0.6931726070855813,0.6509646166159172,0.735536344307169
6,per_pair,16,native6,noise_reversal,0.7989848556587794,0.7694625593143455,0.8253764730160266
6,per_pair,16,direct,retention,0.8588443116772291,0.8358201206864813,0.8806626668850939
6,per_pair,16,direct,worst_pair,0.26765001944825206,0.18731083250257402,0.3549654533438382
6,per_pair,16,direct,new_learning,0.9887894312289991,0.9877262951836747,0.9898509909978865
6,per_pair,16,direct,forgetting,0.12994511955177004,0.10822544910370736,0.1529846482581662
6,per_pair,16,direct,noise_retention,0.8165639423152662,0.7978954791794267,0.834671133851562
6,per_pair,16,direct,reversal,0.8877763525416893,0.8641960675745235,0.9095722514428602
6,per_pair,16,direct,unchanged_after_reversal,0.7542548508144955,0.7151358001006151,0.7923979547846641
6,per_pair,16,direct,noise_reversal,0.8492959480903199,0.8277807240071524,0.8692478661761778
6,per_pair,16,random4,retention,0.7237444802729743,0.6980988328576252,0.7492933465378646
6,per_pair,16,random4,worst_pair,0.06712717353169455,0.044202892688451435,0.09227839538230079
6,per_pair,16,random4,new_learning,0.9702777850097137,0.9573380676952442,0.9806802405679673
6,per_pair,16,random4,forgetting,0.24653330473673946,0.22174704884052607,0.27177224461282146
6,per_pair,16,random4,noise_retention,0.6882280375974237,0.6666428054909326,0.709287250831941
6,per_pair,16,random4,reversal,0.7921686117293278,0.7626740944663799,0.8188885359762285
6,per_pair,16,random4,unchanged_after_reversal,0.5864233060334474,0.5529104393465151,0.619736487136235
6,per_pair,16,random4,noise_reversal,0.7506956051701134,0.7278194582850389,0.7721625494764844
6,per_pair,16,random6,retention,0.7704433054472919,0.7440010465251369,0.7959866396222848
6,per_pair,16,random6,worst_pair,0.10134806976262956,0.07088116457650277,0.1348524466682071
6,per_pair,16,random6,new_learning,0.9848116860807167,0.979435725779922,0.9888145993654976
6,per_pair,16,random6,forgetting,0.21436838063342487,0.18969015885270188,0.23989529933975567
6,per_pair,16,random6,noise_retention,0.726455277699406,0.7041480430776796,0.7480537710149263
6,per_pair,16,random6,reversal,0.8298118630193256,0.8038889101138593,0.8541573831821038
6,per_pair,16,random6,unchanged_after_reversal,0.645494596174991,0.6111839415480836,0.6784231070514012
6,per_pair,16,random6,noise_reversal,0.7770620898249188,0.7557479045979941,0.7974808889668545
6,per_pair,16,oracle,retention,0.9976730729989877,0.9972232611506064,0.9980841086107404
6,per_pair,16,oracle,worst_pair,0.9826322792617518,0.9769240514111545,0.9873318461662934
6,per_pair,16,oracle,new_learning,0.9976730729989877,0.9972232611506064,0.9980841086107404
6,per_pair,16,oracle,forgetting,0.0,0.0,0.0
6,per_pair,16,oracle,noise_retention,0.9976730729989877,0.9972232611506064,0.9980841086107404
6,per_pair,16,oracle,reversal,0.9981420054439171,0.9974294539146039,0.9986996441964363
6,per_pair,16,oracle,unchanged_after_reversal,0.9976347027269823,0.9968764889041525,0.9982683697566084
6,per_pair,16,oracle,noise_reversal,0.9981420054439171,0.9974294539146039,0.9986996441964363
6,total,2,native4,retention,0.9427491993387724,0.9039049832665806,0.9737223246757537
6,total,2,native4,worst_pair,0.9046228680835443,0.8313310421415342,0.9598629941862108
6,total,2,native4,new_learning,0.9697479603077003,0.9522233852026063,0.9841467138825885
6,total,2,native4,forgetting,0.026998760968927858,0.00486273885691463,0.05639642324039035
6,total,2,native4,noise_retention,0.9178243303841442,0.8864462859647507,0.9434227318313002
6,total,2,native4,reversal,0.9651823564295503,0.9414664767533564,0.9831466814494937
6,total,2,native4,unchanged_after_reversal,0.9466569958446773,0.9141426059207731,0.9732210811696534
6,total,2,native4,noise_reversal,0.928072241662188,0.9069514094031073,0.9465703084758775
6,total,2,native6,retention,0.978795217394899,0.9687406607090541,0.9871318660671624
6,total,2,native6,worst_pair,0.9632755593693314,0.9445917292490502,0.9786842820300231
6,total,2,native6,new_learning,0.9905221699506068,0.9869003504920099,0.9935013593400975
6,total,2,native6,forgetting,0.011726952555707645,0.004544600529693744,0.020252373999857496
6,total,2,native6,noise_retention,0.94837491375326,0.9322658721342384,0.9622608404059804
6,total,2,native6,reversal,0.9856974433639987,0.9769707248951599,0.9922442588336883
6,total,2,native6,unchanged_after_reversal,0.9636129932504162,0.9268620589426717,0.9884690929003989
6,total,2,native6,noise_reversal,0.9494220412644374,0.9355011595853925,0.9620719147180106
6,total,2,direct,retention,0.9824777618867322,0.965089963214215,0.9927251914779549
6,total,2,direct,worst_pair,0.9684672128944417,0.9334699019106988,0.9890502987978131
6,total,2,direct,new_learning,0.9919311564239761,0.9892887278121311,0.9941398077132744
6,total,2,direct,forgetting,0.009453394537243958,0.00032940569581244977,0.026021876213647495
6,total,2,direct,noise_retention,0.9681832125937804,0.9507497425783137,0.9795309517233189
6,total,2,direct,reversal,0.9894284280450443,0.9841839544916843,0.9934800605330895
6,total,2,direct,unchanged_after_reversal,0.9686813904784564,0.9366833897348706,0.9921870820118076
6,total,2,direct,noise_reversal,0.9721895122261445,0.962251461851311,0.980178358939096
6,total,2,random4,retention,0.9491808257414666,0.9259355616484519,0.9688077354436261
6,total,2,random4,worst_pair,0.9151953552718533,0.8768940876359049,0.948273681181631
6,total,2,random4,new_learning,0.9726911657126502,0.9611180873866724,0.9829672549140387
6,total,2,random4,forgetting,0.023510339971183687,0.009167675859749267,0.04105109864279229
6,total,2,random4,noise_retention,0.9054818723589658,0.8834919159749187,0.9250622141168334
6,total,2,random4,reversal,0.9662257376861507,0.9493423085006407,0.9810195861284088
6,total,2,random4,unchanged_after_reversal,0.9005002457685352,0.8491786728385882,0.9420325091316065
6,total,2,random4,noise_reversal,0.9169723291101037,0.8954021930320177,0.9364534360678646
6,total,2,random6,retention,0.9649194312374596,0.944899328703464,0.9811016297513501
6,total,2,random6,worst_pair,0.9366443133309822,0.8982268088533654,0.9678180039659965
6,total,2,random6,new_learning,0.9867606058579282,0.9815625076635562,0.9913983514100615
6,total,2,random6,forgetting,0.021841174620468556,0.0070095964190045315,0.0402721010826184
6,total,2,random6,noise_retention,0.9243395076845325,0.9025161106942892,0.9421279811364586
6,total,2,random6,reversal,0.9787931167873857,0.9640480920490371,0.9894185138323272
6,total,2,random6,unchanged_after_reversal,0.9171984476016299,0.8607931276440016,0.9625015139219822
6,total,2,random6,noise_reversal,0.9310114720104534,0.9097743646030819,0.9503021362479953
6,total,2,oracle,retention,0.9974160780119433,0.9960269599402207,0.9985864421587035
6,total,2,oracle,worst_pair,0.995553760812959,0.9931087088050361,0.997620309090624
6,total,2,oracle,new_learning,0.9974160780119433,0.9960269599402207,0.9985864421587035
6,total,2,oracle,forgetting,0.0,0.0,0.0
6,total,2,oracle,noise_retention,0.9974160780119433,0.9960269599402207,0.9985864421587035
6,total,2,oracle,reversal,0.9978344306214126,0.9962044772143165,0.9991426684350823
6,total,2,oracle,unchanged_after_reversal,0.9985658810153244,0.9977314459685329,0.999217458033827
6,total,2,oracle,noise_reversal,0.9978344306214126,0.9962044772143165,0.9991426684350823
6,total,4,native4,retention,0.8698103054446281,0.8307979695425622,0.9056619568661526
6,total,4,native4,worst_pair,0.6401071078608436,0.5375988235499077,0.7382475536790768
6,total,4,native4,new_learning,0.9737704937228769,0.9632648077038937,0.9827689460930187
6,total,4,native4,forgetting,0.10396018827824882,0.06871915489103007,0.1430246930665796
6,total,4,native4,noise_retention,0.8406978473719722,0.8067540895300306,0.8722387664668226
6,total,4,native4,reversal,0.9443664087147638,0.9030967272132863,0.9756519470653932
6,total,4,native4,unchanged_after_reversal,0.8003553643014834,0.7333876158561227,0.8623005856991509
6,total,4,native4,noise_reversal,0.9095117814714277,0.8782543630190749,0.9339908957474813
6,total,4,native6,retention,0.9213665431919857,0.8853738819865803,0.9510984682729958
6,total,4,native6,worst_pair,0.7675979603341161,0.6694435101106508,0.8567649813766921
6,total,4,native6,new_learning,0.9859582900680024,0.9813597126246009,0.9898768533481431
6,total,4,native6,forgetting,0.06459174687601653,0.03515121452612746,0.10028123297058973
6,total,4,native6,noise_retention,0.8788137417190638,0.8471688860666942,0.9061431747432436
6,total,4,native6,reversal,0.9578350762953369,0.9298000290988612,0.9809759531952987
6,total,4,native6,unchanged_after_reversal,0.8537089488352394,0.7930557942269035,0.9083281062297202
6,total,4,native6,noise_reversal,0.9230051702816082,0.8952205631148227,0.9471179574272681
6,total,4,direct,retention,0.9776166431405722,0.9717426170199719,0.983121047988883
6,total,4,direct,worst_pair,0.9432995063508536,0.9261295979590236,0.9589331698470884
6,total,4,direct,new_learning,0.989983506983152,0.9878108137704462,0.9919497172850424
6,total,4,direct,forgetting,0.012366863842579762,0.007168129424029144,0.01806735936299462
6,total,4,direct,noise_retention,0.9493483723191363,0.9393643471657668,0.9590055049371069
6,total,4,direct,reversal,0.9798701935050015,0.9668631219160501,0.9896617268133179
6,total,4,direct,unchanged_after_reversal,0.9460487856409875,0.9234011156058475,0.9659132990642201
6,total,4,direct,noise_reversal,0.9571415820075808,0.9420855893175385,0.9701187778770605
6,total,4,random4,retention,0.8872972771450596,0.8569714152832871,0.9159429987763975
6,total,4,random4,worst_pair,0.6810789093420684,0.5984933963213791,0.761142209574451
6,total,4,random4,new_learning,0.9700775594952686,0.9564597445915105,0.9813571873316114
6,total,4,random4,forgetting,0.08278028235020912,0.059621689416252566,0.10715457946485632
6,total,4,random4,noise_retention,0.8440481789628045,0.8161985726859569,0.8706890858087541
6,total,4,random4,reversal,0.9394999482815009,0.9143778171637583,0.9626204651080356
6,total,4,random4,unchanged_after_reversal,0.8001848085641827,0.7482013366154948,0.849713921124861
6,total,4,random4,noise_reversal,0.8914538788273848,0.870708249616738,0.9115667430552307
6,total,4,random6,retention,0.9281538724360292,0.902917602803729,0.9510420934505327
6,total,4,random6,worst_pair,0.787419329758578,0.7105413931487535,0.8574418693314069
6,total,4,random6,new_learning,0.9835575300351524,0.9771264254158771,0.9889256327296778
6,total,4,random6,forgetting,0.055403657599123204,0.03547943907630356,0.07779500924820683
6,total,4,random6,noise_retention,0.8750992039563199,0.8491687235881938,0.8993266975448959
6,total,4,random6,reversal,0.9578160319515674,0.9406954243416542,0.9735030649156119
6,total,4,random6,unchanged_after_reversal,0.842056465932895,0.7823265399087599,0.8947212812060846
6,total,4,random6,noise_reversal,0.906986736439477,0.8877268351923612,0.9255921168390787
6,total,4,oracle,retention,0.9969889256723985,0.9958260186414886,0.9979561849632357
6,total,4,oracle,worst_pair,0.990475706744763,0.9859910773667379,0.9940906924762365
6,total,4,oracle,new_learning,0.9969889256723985,0.9958260186414886,0.9979561849632357
6,total,4,oracle,forgetting,0.0,0.0,0.0
6,total,4,oracle,noise_retention,0.9969889256723985,0.9958260186414886,0.9979561849632357
6,total,4,oracle,reversal,0.9981220082767133,0.9971152507944882,0.998956228853778
6,total,4,oracle,unchanged_after_reversal,0.9970819323269461,0.9948729829178783,0.9987365917538613
6,total,4,oracle,noise_reversal,0.9981220082767133,0.9971152507944882,0.998956228853778
6,total,8,native4,retention,0.841358326154307,0.811308530257521,0.8712615066086975
6,total,8,native4,worst_pair,0.4290199236891638,0.33195022001925495,0.5283720658908291
6,total,8,native4,new_learning,0.9630335596978952,0.9461249745382908,0.9759982203180151
6,total,8,native4,forgetting,0.12167523354358828,0.09467829653156172,0.14960064625750744
6,total,8,native4,noise_retention,0.794392321392901,0.7684937386683768,0.8206684485186128
6,total,8,native4,reversal,0.887392922161005,0.8513744577084794,0.9182079949586603
6,total,8,native4,unchanged_after_reversal,0.7388101340872961,0.6841805515484504,0.7916736323728172
6,total,8,native4,noise_reversal,0.8456056417900659,0.8177249123307468,0.8714516252911952
6,total,8,native6,retention,0.8852304320595314,0.8621543241784076,0.9076999799838454
6,total,8,native6,worst_pair,0.5557536590875563,0.4685922841770833,0.6425999988761818
6,total,8,native6,new_learning,0.9766769408875497,0.9721640611050275,0.980941226876824
6,total,8,native6,forgetting,0.09144650882801829,0.07074834500598141,0.11268676437837268
6,total,8,native6,noise_retention,0.8319883047789423,0.8114441345696118,0.8525768825114283
6,total,8,native6,reversal,0.9211610550472822,0.8916748530975604,0.9473631506156686
6,total,8,native6,unchanged_after_reversal,0.7947877240191386,0.7447159596647385,0.8428426974203155
6,total,8,native6,noise_reversal,0.8746414845167743,0.8447730078699898,0.90166903258992
6,total,8,direct,retention,0.9220747591788,0.8997913699172757,0.9409486329648545
6,total,8,direct,worst_pair,0.6826272593230176,0.5969608542678896,0.7637995971420499
6,total,8,direct,new_learning,0.9801491479759636,0.9773889475552519,0.9828519272992592
6,total,8,direct,forgetting,0.05807438879716373,0.03972129141763631,0.07963999559861602
6,total,8,direct,noise_retention,0.8844566999751032,0.8657867848350118,0.9008175135877904
6,total,8,direct,reversal,0.94282251846869,0.922277622366635,0.9625204739843849
6,total,8,direct,unchanged_after_reversal,0.83597065566145,0.7974468262806198,0.8730586463785428
6,total,8,direct,noise_reversal,0.9127738487500816,0.8928894013679823,0.9322122310076492
6,total,8,random4,retention,0.8312937024078226,0.8030628757616741,0.8584478976306655
6,total,8,random4,worst_pair,0.4011331112291968,0.3293155361635737,0.47425563586574604
6,total,8,random4,new_learning,0.9617623789275302,0.9466835567446014,0.9741263322577612
6,total,8,random4,forgetting,0.13046867651970764,0.10781209116724236,0.15454868170859126
6,total,8,random4,noise_retention,0.7811692657674882,0.7579754037981772,0.8043716192249248
6,total,8,random4,reversal,0.8788192564269853,0.8514400067162201,0.9032906524948953
6,total,8,random4,unchanged_after_reversal,0.6451829999698108,0.6038679418898124,0.6851670112097941
6,total,8,random4,noise_reversal,0.8288243529322855,0.8048137910416158,0.8504609101187961
6,total,8,random6,retention,0.8730735634118005,0.8524775232959738,0.8933730141743483
6,total,8,random6,worst_pair,0.5039484773789026,0.4329823068851707,0.5742643865045722
6,total,8,random6,new_learning,0.9757969529015885,0.9682595764420224,0.9816876548578538
6,total,8,random6,forgetting,0.10272338948978803,0.08452406245814728,0.12141500700040121
6,total,8,random6,noise_retention,0.8157637168380052,0.7965672402781949,0.8349744240958594
6,total,8,random6,reversal,0.897158332347181,0.8683820283516261,0.9226461438639662
6,total,8,random6,unchanged_after_reversal,0.7120381767013284,0.6650425103197098,0.7554615323507567
6,total,8,random6,noise_reversal,0.8486070992256249,0.8233919718215321,0.8717466308058714
6,total,8,oracle,retention,0.9966156138140381,0.9950024644477318,0.9977229363241189
6,total,8,oracle,worst_pair,0.9824274997326312,0.9705679625157627,0.9904227818860243
6,total,8,oracle,new_learning,0.9966156138140381,0.9950024644477318,0.9977229363241189
6,total,8,oracle,forgetting,0.0,0.0,0.0
6,total,8,oracle,noise_retention,0.9966156138140381,0.9950024644477318,0.9977229363241189
6,total,8,oracle,reversal,0.9980910919065954,0.9974477921911634,0.9986634812838207
6,total,8,oracle,unchanged_after_reversal,0.9968713897188897,0.9953386595841726,0.9980456238544505
6,total,8,oracle,noise_reversal,0.9980910919065954,0.9974477921911634,0.9986634812838207
6,total,16,native4,retention,0.7333080073284645,0.7023809178966127,0.7642985628545762
6,total,16,native4,worst_pair,0.13943444260348709,0.08880831883363861,0.19821595557316807
6,total,16,native4,new_learning,0.9328548959530316,0.9103327812948245,0.9520666403037031
6,total,16,native4,forgetting,0.19954688862456724,0.176252205684056,0.22286550821245363
6,total,16,native4,noise_retention,0.6992536438781237,0.6750688757685759,0.7238425390677685
6,total,16,native4,reversal,0.808244338578445,0.7776240119056371,0.8395174544117938
6,total,16,native4,unchanged_after_reversal,0.6082389073368388,0.56559786481587,0.6530133149434613
6,total,16,native4,noise_reversal,0.7710761567693262,0.7456290046967716,0.7978315664107826
6,total,16,native6,retention,0.7792486127586689,0.7499934610453118,0.8075925686995881
6,total,16,native6,worst_pair,0.1730741629070629,0.11133875826418127,0.24274521571261556
6,total,16,native6,new_learning,0.954315616198713,0.9430433874465346,0.9630959911959845
6,total,16,native6,forgetting,0.17506700344004406,0.15216572626830158,0.19849772334084548
6,total,16,native6,noise_retention,0.7338538908570839,0.7096920547826268,0.757013079225677
6,total,16,native6,reversal,0.8516013781407623,0.814718884473063,0.8832734446190796
6,total,16,native6,unchanged_after_reversal,0.6764995027586223,0.6333865559438819,0.7194665437679114
6,total,16,native6,noise_reversal,0.8043728300389913,0.774574256395457,0.8311881356942131
6,total,16,direct,retention,0.8470419247888472,0.8254050919427575,0.8663587316130377
6,total,16,direct,worst_pair,0.28984426186944146,0.21507776978973656,0.3667036663418043
6,total,16,direct,new_learning,0.9598038361119737,0.9553974478118993,0.9637828742093877
6,total,16,direct,forgetting,0.11276191132312642,0.09438560419636484,0.13360739346089004
6,total,16,direct,noise_retention,0.8025430066148752,0.7848820686363546,0.8188436980670467
6,total,16,direct,reversal,0.903730078127579,0.8863366479992454,0.9208871306087827
6,total,16,direct,unchanged_after_reversal,0.7276108557968971,0.6859839526424518,0.7657093914275236
6,total,16,direct,noise_reversal,0.8649066743164902,0.8491372729241985,0.8805503595619889
6,total,16,random4,retention,0.7373581075159402,0.7132706868670879,0.7610647143685131
6,total,16,random4,worst_pair,0.09962593030775173,0.07189715343941482,0.13119434428176655
6,total,16,random4,new_learning,0.9375006896109261,0.919465121757792,0.9528834782221164
6,total,16,random4,forgetting,0.20014258209498595,0.17717850480890168,0.2238759308697542
6,total,16,random4,noise_retention,0.6945825133036639,0.6741047629184574,0.7145442427405012
6,total,16,random4,reversal,0.7895826230978575,0.7611981894642421,0.8153747802265243
6,total,16,random4,unchanged_after_reversal,0.5737705516381322,0.5398808742893145,0.6073566529237069
6,total,16,random4,noise_reversal,0.7518910575395346,0.7298380521630964,0.772584984981196
6,total,16,random6,retention,0.7749028975066097,0.7494400274912476,0.7991263072752475
6,total,16,random6,worst_pair,0.1460474207938345,0.10761297945624809,0.1906289978558766
6,total,16,random6,new_learning,0.9506540721514234,0.9388491935181998,0.9609730448591749
6,total,16,random6,forgetting,0.17575117464481368,0.15199270945067955,0.20079111176845044
6,total,16,random6,noise_retention,0.7238442646588057,0.7031230409215019,0.743666698482246
6,total,16,random6,reversal,0.8313485117525674,0.8061982023382908,0.8558076431150723
6,total,16,random6,unchanged_after_reversal,0.6229326109364188,0.5876718188162748,0.6566945246503738
6,total,16,random6,noise_reversal,0.780172809591718,0.7590231612520133,0.8011087164451555
6,total,16,oracle,retention,0.9933335190881536,0.9920568902459377,0.9944577888350231
6,total,16,oracle,worst_pair,0.9545059515534683,0.9393999510528903,0.9662883023747023
6,total,16,oracle,new_learning,0.9933335190881536,0.9920568902459377,0.9944577888350231
6,total,16,oracle,forgetting,0.0,0.0,0.0
6,total,16,oracle,noise_retention,0.9933335190881536,0.9920568902459377,0.9944577888350231
6,total,16,oracle,reversal,0.9978771008430674,0.9971383704207671,0.9984914235504503
6,total,16,oracle,unchanged_after_reversal,0.993669116177826,0.9915363961149019,0.995317456905386
6,total,16,oracle,noise_reversal,0.9978771008430674,0.9971383704207671,0.9984914235504503
