experiment,block,method,retention,worst_pair,new_learning,below_chance,unused_presented
EXP-007,block_1000,ordinary,0.7363218852880182,0.00785291120546737,0.993525647868206,0.25,0.410958904109589
EXP-007,block_1000,homeostasis,0.7498833826899342,0.0505930179067414,0.9923302486245018,0.25,0.3698630136986301
EXP-007,block_1001,ordinary,0.9240624018397625,0.031783565388747645,0.9888344292004916,0.0625,0.2602739726027397
EXP-007,block_1001,homeostasis,0.9158819499223746,0.1258868060813598,0.9889962600872846,0.0625,0.1917808219178082
EXP-007,block_1002,ordinary,0.9101063720090641,0.07051162262782948,0.996053851540355,0.0625,0.4246575342465753
EXP-007,block_1002,homeostasis,0.8916170058894839,0.1056756079149225,0.9955287809017612,0.0625,0.3013698630136986
EXP-007,block_1003,ordinary,0.8082555031066392,0.383884775552166,0.9822357543122828,0.125,0.3835616438356164
EXP-007,block_1003,homeostasis,0.761043367059014,0.06844156788212685,0.9713550812336365,0.25,0.3698630136986301
EXP-007,block_1004,ordinary,0.8733445381930147,0.5298859685371746,0.9934205724045506,0.0,0.4383561643835616
EXP-007,block_1004,homeostasis,0.7863605332162893,0.07989918103786282,0.9901826846794424,0.25,0.3835616438356164
EXP-007,block_1005,ordinary,0.7171844335142656,0.037633999741965914,0.9940184977773941,0.25,0.4657534246575342
EXP-007,block_1005,homeostasis,0.771819051089456,0.014332652472619318,0.9915498961433645,0.25,0.410958904109589
EXP-007,block_1006,ordinary,0.844220503891423,0.17041424851746273,0.9957849267307459,0.125,0.3698630136986301
EXP-007,block_1006,homeostasis,0.8688335407257373,0.20376179657059001,0.9971694059458796,0.125,0.3150684931506849
EXP-007,block_1007,ordinary,0.8859973256211252,0.31842782740468667,0.9889003236319843,0.0625,0.410958904109589
EXP-007,block_1007,homeostasis,0.884858584046611,0.37864503414969564,0.9948886727728317,0.125,0.3698630136986301
EXP-007,block_1008,ordinary,0.8928904296519371,0.18464595967015415,0.9911832007860644,0.125,0.3561643835616438
EXP-007,block_1008,homeostasis,0.8809418984477834,0.37916654837120195,0.9754220111946741,0.125,0.3013698630136986
EXP-007,block_1009,ordinary,0.6856970483080854,0.00046300716166481736,0.9734792113752191,0.3125,0.3698630136986301
EXP-007,block_1009,homeostasis,0.7123523518363419,0.0007160352548384059,0.9739223023942964,0.25,0.3150684931506849
EXP-007,block_1010,ordinary,0.7349827047057533,0.05366967267209104,0.9907623456390791,0.1875,0.5342465753424658
EXP-007,block_1010,homeostasis,0.701761429014718,0.02536834937140736,0.987333540266871,0.3125,0.4657534246575342
EXP-007,block_1011,ordinary,0.7531162279388923,0.012147407092884364,0.9903740574345681,0.3125,0.273972602739726
EXP-007,block_1011,homeostasis,0.796712522295629,0.037763287652646145,0.9904494552917633,0.25,0.2465753424657534
EXP-007,block_1012,ordinary,0.5808503748902626,0.0016653583285772841,0.9718980025433914,0.4375,0.6164383561643836
EXP-007,block_1012,homeostasis,0.5599829576205029,0.00036022951256195663,0.9723133525999105,0.4375,0.5616438356164384
EXP-007,block_1013,ordinary,0.7443675733562501,0.1374000582314765,0.9877903990902653,0.25,0.4657534246575342
EXP-007,block_1013,homeostasis,0.7196863550110628,0.015672983354515047,0.9796887294390046,0.3125,0.3972602739726027
EXP-007,block_1014,ordinary,0.8476863153331363,0.12114600376839434,0.9946820406901109,0.125,0.4931506849315068
EXP-007,block_1014,homeostasis,0.7968573126270322,0.0015209900163651643,0.9952858209816925,0.1875,0.4657534246575342
EXP-007,block_1015,ordinary,0.8292055347776845,0.1999922056946162,0.9865469263444988,0.125,0.2876712328767123
EXP-007,block_1015,homeostasis,0.822454698039999,0.11407892965654001,0.9892417661727673,0.125,0.273972602739726
EXP-007,block_1016,ordinary,0.7689347530845168,0.21364270558676235,0.9892072085138512,0.25,0.4931506849315068
EXP-007,block_1016,homeostasis,0.7829508456215786,0.17097408824035762,0.9890999573324468,0.125,0.3835616438356164
EXP-007,block_1017,ordinary,0.7867917876431567,0.36381145847655655,0.9907848611093983,0.25,0.4246575342465753
EXP-007,block_1017,homeostasis,0.7861229447621445,0.3403106742287347,0.9933243359511055,0.1875,0.3287671232876712
EXP-007,block_1018,ordinary,0.7617952732492024,0.003578873751927671,0.972263073142757,0.1875,0.4383561643835616
EXP-007,block_1018,homeostasis,0.799667185923844,0.03418705068744347,0.9647122712324303,0.125,0.3698630136986301
EXP-007,block_1019,ordinary,0.8620469311273617,0.16148379850472683,0.9777086143465842,0.125,0.2054794520547945
EXP-007,block_1019,homeostasis,0.8673448100746224,0.3589160229048648,0.9346182615099892,0.0625,0.1780821917808219
EXP-007,block_1020,ordinary,0.6616917282968706,0.020300502073298643,0.9400336711885041,0.3125,0.3287671232876712
EXP-007,block_1020,homeostasis,0.7472759155513148,0.06511484329328203,0.9791698508329307,0.25,0.3424657534246575
EXP-007,block_1021,ordinary,0.9377110266874635,0.21032396635683426,0.9982061608729713,0.0625,0.410958904109589
EXP-007,block_1021,homeostasis,0.9101472755588895,0.35081772966098046,0.9926240366424521,0.0625,0.3287671232876712
EXP-007,block_1022,ordinary,0.7214059392107899,0.0045649091410994835,0.9851780493835121,0.3125,0.5205479452054794
EXP-007,block_1022,homeostasis,0.7372897252645592,0.018239571590053422,0.9787856909461338,0.3125,0.4657534246575342
EXP-007,block_1023,ordinary,0.9042722463770039,0.38215483207683437,0.9963296629905437,0.0625,0.3150684931506849
EXP-007,block_1023,homeostasis,0.8787488488180581,0.269088633465381,0.9969182664137843,0.0625,0.2602739726027397
EXP-007,block_1024,ordinary,0.7991607433883405,0.0445786912412124,0.9950231802175755,0.1875,0.3972602739726027
EXP-007,block_1024,homeostasis,0.8327046712698047,0.03773346490313211,0.9926925710241208,0.125,0.3287671232876712
EXP-007,block_1025,ordinary,0.8543736015658859,0.02781103775608668,0.9932738909752136,0.125,0.4657534246575342
EXP-007,block_1025,homeostasis,0.8441172868026213,0.02216364755415403,0.99131955593887,0.125,0.4246575342465753
EXP-007,block_1026,ordinary,0.826262800474676,0.16115945892796896,0.9953802280249736,0.125,0.410958904109589
EXP-007,block_1026,homeostasis,0.7825691924689344,0.1048431469977942,0.9665594585179201,0.25,0.3698630136986301
EXP-007,block_1027,ordinary,0.8380576580954272,0.010514557421982386,0.9901431349849972,0.125,0.3698630136986301
EXP-007,block_1027,homeostasis,0.8383953497919103,0.01636297975727217,0.9897537963908395,0.0625,0.2876712328767123
EXP-007,block_1028,ordinary,0.7784440470258671,0.29788186808634415,0.9876223313022394,0.25,0.4657534246575342
EXP-007,block_1028,homeostasis,0.7778223081131527,0.23737154819278694,0.9867615960834546,0.125,0.3972602739726027
EXP-007,block_1029,ordinary,0.6914408903178616,0.02921954101829044,0.9907408991237929,0.1875,0.5068493150684932
EXP-007,block_1029,homeostasis,0.666300781998789,0.02609812812047794,0.9899360496260041,0.25,0.4383561643835616
EXP-007,block_1030,ordinary,0.7294692188988879,0.00819722473531315,0.993185457886663,0.25,0.3698630136986301
EXP-007,block_1030,homeostasis,0.7324903574931559,0.05838169518326649,0.9937692993005991,0.1875,0.3698630136986301
EXP-007,block_1031,ordinary,0.7661870179572305,0.13364487628289107,0.9938558324552826,0.25,0.3972602739726027
EXP-007,block_1031,homeostasis,0.7643860171933999,0.06839531469662219,0.9926541353937506,0.1875,0.3972602739726027
EXP-008,block_1000,ordinary,0.9415289752338222,0.6535334775863002,0.9881147701943547,0.0,0.43050847457627117
EXP-008,block_1000,homeostasis,0.9139989128150339,0.6169488540375456,0.9926674938276874,0.0,0.28983050847457625
EXP-008,block_1001,ordinary,0.9534224336233198,0.6488342102384719,0.9918332360689104,0.0,0.2576271186440678
EXP-008,block_1001,homeostasis,0.9512158787561216,0.6451619994301958,0.9879395328839062,0.0,0.13220338983050847
EXP-008,block_1002,ordinary,0.974571421537769,0.8252196014534412,0.9920544593951459,0.0,0.3101694915254237
EXP-008,block_1002,homeostasis,0.967436050371141,0.7578099736645005,0.9918041113002166,0.0,0.19661016949152543
EXP-008,block_1003,ordinary,0.9342594160491443,0.5954890942034622,0.9886533200398231,0.0,0.4271186440677966
EXP-008,block_1003,homeostasis,0.9493324770526432,0.6515959707392429,0.9946943890899854,0.0,0.2847457627118644
EXP-008,block_1004,ordinary,0.9521074182012237,0.7414047373520856,0.9859219210115772,0.0,0.43559322033898307
EXP-008,block_1004,homeostasis,0.9463108887866176,0.7854221433175561,0.9876485140032748,0.0,0.32033898305084746
EXP-008,block_1005,ordinary,0.9327972046246453,0.34119621278173806,0.9721397609312274,0.0625,0.2983050847457627
EXP-008,block_1005,homeostasis,0.9418225951725442,0.3465925060071624,0.9763443528885785,0.0625,0.17966101694915254
EXP-008,block_1006,ordinary,0.9384982097092835,0.7733876239510807,0.9873396910624366,0.0,0.2864406779661017
EXP-008,block_1006,homeostasis,0.9099491683053513,0.6243921008178518,0.983831458626974,0.0,0.16271186440677965
EXP-008,block_1007,ordinary,0.979074656084709,0.9407854880055921,0.9899527539939459,0.0,0.39322033898305087
EXP-008,block_1007,homeostasis,0.9514982819221838,0.7000990712544575,0.9926392177309638,0.0,0.2423728813559322
EXP-008,block_1008,ordinary,0.9467259072188827,0.7477160348963079,0.992597105188928,0.0,0.3305084745762712
EXP-008,block_1008,homeostasis,0.9533884775769217,0.8186992330670466,0.9949025857144296,0.0,0.2135593220338983
EXP-008,block_1009,ordinary,0.958472261766624,0.6255663119849113,0.9830960133018166,0.0,0.3610169491525424
EXP-008,block_1009,homeostasis,0.9441370865981225,0.39170842636635517,0.971185099714444,0.0625,0.20677966101694914
EXP-008,block_1010,ordinary,0.9608407900530078,0.778736599021518,0.9936213659406807,0.0,0.3593220338983051
EXP-008,block_1010,homeostasis,0.9457977610389876,0.6030375039764277,0.9933159714954634,0.0,0.2576271186440678
EXP-008,block_1011,ordinary,0.8897222376093261,0.29558140708483566,0.9881021391674321,0.0625,0.3864406779661017
EXP-008,block_1011,homeostasis,0.8853929350012695,0.11853045672987168,0.9909068964837918,0.0625,0.29491525423728815
EXP-008,block_1012,ordinary,0.9382132830364158,0.6896519784010953,0.9873266125794562,0.0,0.4186440677966102
EXP-008,block_1012,homeostasis,0.9341753952193552,0.8044160943181615,0.9890180360842005,0.0,0.2796610169491525
EXP-008,block_1013,ordinary,0.9237661149833776,0.6269618460334986,0.9791525911928429,0.0,0.43728813559322033
EXP-008,block_1013,homeostasis,0.9603067558781637,0.8218926152656247,0.9866660633180302,0.0,0.30677966101694915
EXP-008,block_1014,ordinary,0.9217773768452118,0.5491156867992082,0.9867238912080587,0.0,0.3389830508474576
EXP-008,block_1014,homeostasis,0.9109763120215255,0.3287702058017337,0.9904623628824124,0.0625,0.211864406779661
EXP-008,block_1015,ordinary,0.9275130201978407,0.530132713851631,0.9794563142108823,0.0,0.46440677966101696
EXP-008,block_1015,homeostasis,0.9337234770172103,0.6774980375629772,0.9874850652954851,0.0,0.30338983050847457
EXP-008,block_1016,ordinary,0.9472310493053926,0.6379155668109251,0.9824683996799611,0.0,0.2864406779661017
EXP-008,block_1016,homeostasis,0.9220054571065283,0.4763797096839869,0.9884941999998392,0.0625,0.15423728813559323
EXP-008,block_1017,ordinary,0.9665453520393206,0.7567914994839706,0.9916028057050352,0.0,0.42542372881355933
EXP-008,block_1017,homeostasis,0.956003229398775,0.7445433049271346,0.9902718497596934,0.0,0.2966101694915254
EXP-008,block_1018,ordinary,0.9000527688230635,0.27306236697491737,0.9860367108212423,0.125,0.3169491525423729
EXP-008,block_1018,homeostasis,0.9285736249248921,0.5047758548780579,0.989527184504337,0.0,0.21016949152542372
EXP-008,block_1019,ordinary,0.9253146883079049,0.5942960560494486,0.988167009543067,0.0,0.3813559322033898
EXP-008,block_1019,homeostasis,0.9338075631132039,0.5625604428270601,0.9926322387539857,0.0,0.2677966101694915
EXP-008,block_1020,ordinary,0.9782318185519618,0.8966860661096192,0.9873225944519233,0.0,0.376271186440678
EXP-008,block_1020,homeostasis,0.982876416676002,0.9181894654125478,0.9836949246602911,0.0,0.21525423728813559
EXP-008,block_1021,ordinary,0.8868414928898727,0.4879685244339402,0.9793363686603309,0.0625,0.3949152542372881
EXP-008,block_1021,homeostasis,0.8858497658195721,0.3962808548277105,0.9789353474328812,0.0625,0.26440677966101694
EXP-008,block_1022,ordinary,0.9421667665408766,0.5095491989528804,0.9830577272726826,0.0,0.3983050847457627
EXP-008,block_1022,homeostasis,0.9721020869644683,0.8727097826642544,0.9848088498746278,0.0,0.27796610169491526
EXP-008,block_1023,ordinary,0.9248573419128115,0.5862922475222812,0.982491262882276,0.0,0.4271186440677966
EXP-008,block_1023,homeostasis,0.9178434673377227,0.5204669669935342,0.9872126779993563,0.0,0.2711864406779661
